Workbook

Sheet Referensi
C2: Table Referensi Feeding Rate | I2: Dosis Vitamin C
I3: Pakan | J3: 1000 | K3: gram
C4: Min Berat (g) | D4: Max Berat (g) | E4: FR Min (%) | F4: FR Max (%) | I4: Vitamin C | J4: =0.0001*J3 -> 0.1 | K4: gram
C5: 1 | D5: 1 | E5: 0.01 | F5: 0.15 | G5: =AVERAGE(E5:F5) -> 0.08 | I5: Vitamin B | J5: =0.0001*J3 -> 0.1 | K5: gram
C6: 2 | D6: 5 | E6: 0.08 | F6: 0.1 | G6: =AVERAGE(E6:F6) -> 0.09 | I6: Lysin | J6: =0.003*J3 -> 3 | K6: gram
C7: 6 | D7: 20 | E7: 0.05 | F7: 0.08 | G7: =AVERAGE(E7:F7) -> 0.065 | I7: Asam Amino | J7: =0.002*J3 -> 2 | K7: gram
C8: 21 | D8: 50 | E8: 0.04 | F8: 0.05 | G8: =AVERAGE(E8:F8) -> 0.045
C9: 51 | D9: 100 | E9: 0.03 | F9: 0.04 | G9: =AVERAGE(E9:F9) -> 0.035
C10: 101 | D10: 300 | E10: 0.02 | F10: 0.03 | G10: =AVERAGE(E10:F10) -> 0.025
C11: 301 | D11: 1000 | E11: 0.01 | F11: 0.02 | G11: =AVERAGE(E11:F11) -> 0.015
J13: 500 | K13: 27
J14: 1000 | K14: 26
J15: 250 | K15: 12
J16: 350 | K16: 16
J17: =SUM(J13:J16) -> 2100 | K17: =SUM(K13:K16) -> 81
K18: =J17/K17 -> 25.925926

Sheet Konfigurasi
C4: A3 | D4: B3 | E4: C3 | F4: D3 (Heru) | G4: A6 | H4: B6 | I4: C6 | J4: D6
B5: Tipe Aerator | C5: Diffuser | D5: Uniring | E5: Diffuser | F5: Uniring | G5: Diffuser | H5: Uniring | I5: Diffuser | J5: Uniring
B6: Molase | C6: No | D6: Yes | E6: Yes | F6: No | G6: Yes | H6: Yes | I6: Yes | J6: Yes
B7: Basilus | C7: Yes | D7: Yes | E7: Yes | F7: No | G7: Yes | H7: Yes | I7: Yes | J7: Yes
B8: Kepadatan (ekor/m3) | C8: 200 | D8: 175 | E8: 175 | F8: 200 | G8: 200 | H8: 175 | I8: 175 | J8: 200
B9: Volume Air (m3) | C9: 7 | D9: 7 | E9: 7 | F9: 7 | G9: 28 | H9: 28 | I9: 28 | J9: 28
B10: Populasi (ekor) | C10: =C8*C9 -> 1400 | D10: =D8*D9 -> 1225 | E10: =E8*E9 -> 1225 | F10: =F8*F9 -> 1400 | G10: =G8*G9 -> 5600 | H10: =H8*H9 -> 4900 | I10: =I8*I9 -> 4900 | J10: =J8*J9 -> 5600
B11: Biomasa Bibit (gr/ekor) | C11: =1000/60 -> 16.666667 | D11: =1000/60 -> 16.666667 | E11: =1000/60 -> 16.666667 | F11: =1000/60 -> 16.666667 | G11: =1000/60 -> 16.666667 | H11: =1000/60 -> 16.666667 | I11: =1000/60 -> 16.666667 | J11: =1000/60 -> 16.666667
B12: Total Biomasa (gram) | C12: =C11*C10 -> 23333.333 | D12: =D11*D10 -> 20416.667 | E12: =E11*E10 -> 20416.667 | F12: =F11*F10 -> 23333.333 | G12: =G11*G10 -> 93333.333 | H12: =H11*H10 -> 81666.667 | I12: =I11*I10 -> 81666.667 | J12: =J10*J11 -> 93333.333
B13: Puasa | C13: 5:1 | D13: 5:1 | E13: 6:1 | F13: 6:1 | G13: 6:1 | H13: 6:1 | I13: 5:1 | J13: 5:1
B14: Merek Pakan | C14: Safir | D14: 781 | E14: Safir | F14: 781 | G14: 781 | H14: Safir | I14: 781 | J14: Safir
B15: Probiotik Tambahan | C15: Vit. C | D15: Vit.C + Jamu | E15: Jamu | F15: - | G15: - | H15: - | I15: - | J15: -
C18: Dosis Vitamin C
C19: 0.15 gram vitamin C / KG Pakan

Sheet Master - Pakan
B2: PENCATATAN KOLAM A | F2: Tanggal Tebar | G2: 46290 | I2: Asal Bibit | M2: Pakan
B4: Jumlah Bibit | D4: 100 | F4: Biomasa Awal | G4: =10*D4 -> 1000 | I4: Protein | J4: 0.26 | M4: Puasa
B5: Total Kematian | D5: =SUM(F13:F164) -> 0 | F5: Total Pakan | G5: =SUM(I13:I164) -> 110.5 | I5: Carbon | J5: 0.42
B6: Populasi Saat Ini | D6: =D4-D5 -> 100 | F6: Total Biomasa | G6: =IFERROR(__xludf.DUMMYFUNCTION("IFERROR(CHOOSEROWS(FILTER(H14:H162, LEN(H14:H162) > 0, H14:H162 <> 0), -1), 0)"),0.0) -> 0 | I6: Nitrogen | J6: 0.16
B7: Survival Rate (SR) | D7: =D6/D4 -> 1 | F7: FCR | G7: =IFERROR(G5/(G6-G4),0) -> -0.1105
F8: Feeding Rate | G8: =IF(G6=0,"",J8*G6) | I8: FR | J8: =IFERROR(__xludf.DUMMYFUNCTION("IFERROR(CHOOSEROWS(FILTER(D13:D161, LEN(D13:D161) > 0, D13:D161 <> 0), -1), 0)"),0.05) -> 0.05
B10: DOC | C10: Berat Rata-Rata (gr) | D10: FR (%) | F10: Kematian | G10: Populasi | H10: Biomassa (gr) | I10: Feeding Rate (gr) | J10: Pakan | L10: Molase | N10: CN Ratio | O10: Intensitas Flok | P10: PH | Q10: TDS | R10: DO | S10: Temp | T10: Actual Pakan | U10: Additional Treatment
D11: Min | E11: Max | J11: N | K11: C | L11: Berat (gr) | M11: C
A13: =G2 -> 46290 | B13: 1 | C13: 17 | D13: =IF(C13="", "", IF(VLOOKUP(C13, Referensi!$C$5:$E$11, 3, TRUE) > 1, VLOOKUP(C13, Referensi!$C$5:$E$11, 3, TRUE) / 100, VLOOKUP(C13, Referensi!$C$5:$E$11, 3, TRUE))) -> 0.05 | E13: =IF(C13="", "", IF(VLOOKUP(C13, Referensi!$C$5:$F$11, 4, TRUE) > 1, VLOOKUP(C13, Referensi!$C$5:$F$11, 4, TRUE) / 100, VLOOKUP(C13, Referensi!$C$5:$F$11, 4, TRUE))) -> 0.08 | F13: 0 | G13: =$D$4-F13 -> 100 | H13: =C13*G13 -> 1700 | I13: =IF(C13=0,"",AVERAGE(D13:E13)*H13) -> 110.5 | J13: =I13*$J$6 -> 17.68 | K13: =I13*$J$5 -> 46.41 | L13: 0 | M13: =L13*37% -> 0 | N13: =IF(J13=0,"", (K13+M13)/J13) -> 2.625
B14: 2 | C14: 0 | D14: {=_xlfn.XLOOKUP(C14,Referensi!$C$5:$C$11,Referensi!$E$5:$E$11,,-1)} | E14: {=_xlfn.XLOOKUP(C14,Referensi!$D$5:$D$11,Referensi!$F$5:$F$11,,-1)} | G14: =IF(C14="","",G13-F14) -> 100 | H14: =IF(C14="","", C14*G14) -> 0 | I14: =IF(C14=0,"",AVERAGE(D14:E14)*H14) | J14: =I14*$J$6 -> 0 | K14: =I14*$J$5 -> 0 | M14: =L14*37% -> 0 | N14: =IF(J14=0,"", (K14+M14)/J14)
B15: 3 | D15: {=_xlfn.XLOOKUP(C15,Referensi!$C$5:$C$11,Referensi!$E$5:$E$11,,-1)} | E15: {=_xlfn.XLOOKUP(C15,Referensi!$D$5:$D$11,Referensi!$F$5:$F$11,,-1)} | H15: =C15*G15 -> 0 | I15: =IF(C15=0,"",AVERAGE(D15:E15)*H15) | J15: =I15*$J$6 -> 0 | K15: =I15*$J$5 -> 0 | M15: =L15*37% -> 0 | N15: =IF(J15=0,"", (K15+M15)/J15)
B16: 4 | D16: {=_xlfn.XLOOKUP(C16,Referensi!$C$5:$C$11,Referensi!$E$5:$E$11,,-1)} | E16: {=_xlfn.XLOOKUP(C16,Referensi!$D$5:$D$11,Referensi!$F$5:$F$11,,-1)} | H16: =C16*G16 -> 0 | I16: =IF(C16=0,"",AVERAGE(D16:E16)*H16) | J16: =I16*$J$6 -> 0 | K16: =I16*$J$5 -> 0 | M16: =L16*37% -> 0 | N16: =IF(J16=0,"", (K16+M16)/J16)
B17: 5 | D17: {=_xlfn.XLOOKUP(C17,Referensi!$C$5:$C$11,Referensi!$E$5:$E$11,,-1)} | E17: {=_xlfn.XLOOKUP(C17,Referensi!$D$5:$D$11,Referensi!$F$5:$F$11,,-1)} | H17: =C17*G17 -> 0 | I17: =IF(C17=0,"",AVERAGE(D17:E17)*H17) | J17: =I17*$J$6 -> 0 | K17: =I17*$J$5 -> 0 | M17: =L17*37% -> 0 | N17: =IF(J17=0,"", (K17+M17)/J17)
B18: 6 | D18: {=_xlfn.XLOOKUP(C18,Referensi!$C$5:$C$11,Referensi!$E$5:$E$11,,-1)} | E18: {=_xlfn.XLOOKUP(C18,Referensi!$D$5:$D$11,Referensi!$F$5:$F$11,,-1)} | H18: =C18*G18 -> 0 | I18: =IF(C18=0,"",AVERAGE(D18:E18)*H18) | J18: =I18*$J$6 -> 0 | K18: =I18*$J$5 -> 0 | M18: =L18*37% -> 0 | N18: =IF(J18=0,"", (K18+M18)/J18)
B19: 7 | D19: {=_xlfn.XLOOKUP(C19,Referensi!$C$5:$C$11,Referensi!$E$5:$E$11,,-1)} | E19: {=_xlfn.XLOOKUP(C19,Referensi!$D$5:$D$11,Referensi!$F$5:$F$11,,-1)} | H19: =C19*G19 -> 0 | I19: =IF(C19=0,"",AVERAGE(D19:E19)*H19) | J19: =I19*$J$6 -> 0 | K19: =I19*$J$5 -> 0 | M19: =L19*37% -> 0 | N19: =IF(J19=0,"", (K19+M19)/J19)
B20: 8 | D20: {=_xlfn.XLOOKUP(C20,Referensi!$C$5:$C$11,Referensi!$E$5:$E$11,,-1)} | E20: {=_xlfn.XLOOKUP(C20,Referensi!$D$5:$D$11,Referensi!$F$5:$F$11,,-1)} | H20: =C20*G20 -> 0 | I20: =IF(C20=0,"",AVERAGE(D20:E20)*H20) | J20: =I20*$J$6 -> 0 | K20: =I20*$J$5 -> 0 | M20: =L20*37% -> 0 | N20: =IF(J20=0,"", (K20+M20)/J20)
B21: 9 | D21: {=_xlfn.XLOOKUP(C21,Referensi!$C$5:$C$11,Referensi!$E$5:$E$11,,-1)} | E21: {=_xlfn.XLOOKUP(C21,Referensi!$D$5:$D$11,Referensi!$F$5:$F$11,,-1)} | H21: =C21*G21 -> 0 | I21: =IF(C21=0,"",AVERAGE(D21:E21)*H21) | J21: =I21*$J$6 -> 0 | K21: =I21*$J$5 -> 0 | M21: =L21*37% -> 0 | N21: =IF(J21=0,"", (K21+M21)/J21)
B22: 10 | D22: {=_xlfn.XLOOKUP(C22,Referensi!$C$5:$C$11,Referensi!$E$5:$E$11,,-1)} | E22: {=_xlfn.XLOOKUP(C22,Referensi!$D$5:$D$11,Referensi!$F$5:$F$11,,-1)} | H22: =C22*G22 -> 0 | I22: =IF(C22=0,"",AVERAGE(D22:E22)*H22) | J22: =I22*$J$6 -> 0 | K22: =I22*$J$5 -> 0 | M22: =L22*37% -> 0 | N22: =IF(J22=0,"", (K22+M22)/J22)
B23: 11 | D23: {=_xlfn.XLOOKUP(C23,Referensi!$C$5:$C$11,Referensi!$E$5:$E$11,,-1)} | E23: {=_xlfn.XLOOKUP(C23,Referensi!$D$5:$D$11,Referensi!$F$5:$F$11,,-1)} | H23: =C23*G23 -> 0 | I23: =IF(C23=0,"",AVERAGE(D23:E23)*H23) | J23: =I23*$J$6 -> 0 | K23: =I23*$J$5 -> 0 | M23: =L23*37% -> 0 | N23: =IF(J23=0,"", (K23+M23)/J23)
B24: 12 | D24: {=_xlfn.XLOOKUP(C24,Referensi!$C$5:$C$11,Referensi!$E$5:$E$11,,-1)} | E24: {=_xlfn.XLOOKUP(C24,Referensi!$D$5:$D$11,Referensi!$F$5:$F$11,,-1)} | H24: =C24*G24 -> 0 | I24: =IF(C24=0,"",AVERAGE(D24:E24)*H24) | J24: =I24*$J$6 -> 0 | K24: =I24*$J$5 -> 0 | M24: =L24*37% -> 0 | N24: =IF(J24=0,"", (K24+M24)/J24)
B25: 13 | D25: {=_xlfn.XLOOKUP(C25,Referensi!$C$5:$C$11,Referensi!$E$5:$E$11,,-1)} | E25: {=_xlfn.XLOOKUP(C25,Referensi!$D$5:$D$11,Referensi!$F$5:$F$11,,-1)} | H25: =C25*G25 -> 0 | I25: =IF(C25=0,"",AVERAGE(D25:E25)*H25) | J25: =I25*$J$6 -> 0 | K25: =I25*$J$5 -> 0 | M25: =L25*37% -> 0 | N25: =IF(J25=0,"", (K25+M25)/J25)
B26: 14 | D26: {=_xlfn.XLOOKUP(C26,Referensi!$C$5:$C$11,Referensi!$E$5:$E$11,,-1)} | E26: {=_xlfn.XLOOKUP(C26,Referensi!$D$5:$D$11,Referensi!$F$5:$F$11,,-1)} | H26: =C26*G26 -> 0 | I26: =IF(C26=0,"",AVERAGE(D26:E26)*H26) | J26: =I26*$J$6 -> 0 | K26: =I26*$J$5 -> 0 | M26: =L26*37% -> 0 | N26: =IF(J26=0,"", (K26+M26)/J26)
... B164: 152 | D164: {=_xlfn.XLOOKUP(C164,Referensi!$C$5:$C$11,Referensi!$E$5:$E$11,,-1)} | E164: {=_xlfn.XLOOKUP(C164,Referensi!$D$5:$D$11,Referensi!$F$5:$F$11,,-1)} | H164: =C164*G164 -> 0 | I164: =IF(C164=0,"",AVERAGE(D164:E164)*H164) | J164: =I164*$J$6 -> 0 | K164: =I164*$J$5 -> 0 | M164: =L164*37% -> 0 | N164: =IF(J164=0,"", (K164+M164)/J164)

Sheet Kolam A3
B2: PENCATATAN KOLAM A3 | F2: Tanggal Tebar | G2: 20-Sept-2026 | I2: Asal Bibit | J2: Kang Ipey - Subang | M2: Pakan | N2: Safir
B4: Jumlah Bibit | D4: 1400 | F4: Biomasa Awal | G4: =C13*D4 -> 21000 | I4: Protein | J4: 0.32 | M4: Puasa | N4: 5:1
B5: Total Kematian | D5: =SUM(F13:F164) -> 231 | F5: Total Pakan | G5: =SUM(I13:I164) -> 10792.35 | I5: Carbon | J5: 0.17
B6: Populasi Saat Ini | D6: =D4-D5 -> 1169 | F6: Total Biomasa | G6: =IFERROR(__xludf.DUMMYFUNCTION("IFERROR(CHOOSEROWS(FILTER(H13:H161, LEN(H13:H161) > 0, H13:H161 <> 0), -1), ""Data Masih Kosong"")"),30325.0) -> 30325 | I6: Nitrogen | J6: 0.05 | M6: Note:
B7: Survival Rate (SR) | D7: =D6/D4 -> 0.835 | F7: FCR | G7: =IFERROR(G5/(G6-G4),0) -> 1.1573566 | M7: Tanpa Molase, gunakan gostrong & Aquacell
B8: Volume Kolam (M3) | D8: 7 | F8: Feeding Rate | G8: =IF(G6=0,"",J8*G6) -> 1213 | I8: FR | J8: =IFERROR(__xludf.DUMMYFUNCTION("IFERROR(CHOOSEROWS(FILTER(D13:D161, LEN(D13:D161) > 0, D13:D161 <> 0), -1), 0)"),0.04) -> 0.04
B10: DOC | C10: Berat Rata-Rata (gr) | D10: FR (%) | F10: Kematian | G10: Populasi | H10: Biomassa (gr) | I10: Feeding Rate (gr) | J10: Pakan | L10: Molase | N10: CN Ratio | O10: Intensitas Flok | P10: PH | Q10: TDS | R10: DO | S10: Temp | T10: Actual Pakan | U10: Additional Treatment
D11: Min | E11: Max | J11: N | K11: C | L11: Berat (gr) | M11: C
A13: 46285 | B13: 1 | C13: 15 | D13: =IF(C13="", "", IF(VLOOKUP(C13, Referensi!$C$5:$E$11, 3, TRUE) > 1, VLOOKUP(C13, Referensi!$C$5:$E$11, 3, TRUE) / 100, VLOOKUP(C13, Referensi!$C$5:$E$11, 3, TRUE))) -> 0.05 | E13: =IF(C13="", "", IF(VLOOKUP(C13, Referensi!$C$5:$F$11, 4, TRUE) > 1, VLOOKUP(C13, Referensi!$C$5:$F$11, 4, TRUE) / 100, VLOOKUP(C13, Referensi!$C$5:$F$11, 4, TRUE))) -> 0.08 | F13: 2 | G13: =$D$4-F13 -> 1398 | H13: =C13*G13 -> 20970 | I13: 0 | J13: =I13*$J$6 -> 0 | K13: =I13*$J$5 -> 0 | L13: 0 | M13: =L13*37% -> 0 | N13: =IF(J13=0,"", (K13+M13)/J13)
A14: 46286 | B14: 2 | C14: 15 | D14: =IF(C14="", "", IF(VLOOKUP(C14, Referensi!$C$5:$E$11, 3, TRUE) > 1, VLOOKUP(C14, Referensi!$C$5:$E$11, 3, TRUE) / 100, VLOOKUP(C14, Referensi!$C$5:$E$11, 3, TRUE))) -> 0.05 | E14: =IF(C14="", "", IF(VLOOKUP(C14, Referensi!$C$5:$F$11, 4, TRUE) > 1, VLOOKUP(C14, Referensi!$C$5:$F$11, 4, TRUE) / 100, VLOOKUP(C14, Referensi!$C$5:$F$11, 4, TRUE))) -> 0.08 | F14: 1 | G14: =IF(C14="","",G13-F14) -> 1397 | H14: =IF(C14="","", C14*G14) -> 20955 | I14: 0 | J14: =I14*$J$6 -> 0 | K14: =I14*$J$5 -> 0 | M14: =L14*37% -> 0 | N14: =IF(J14=0,"", (K14+M14)/J14) | P14: 7.6 | R14: 5.7 | S14: 30.4
A15: 46287 | B15: 3 | C15: 15 | D15: =IF(C15="", "", IF(VLOOKUP(C15, Referensi!$C$5:$E$11, 3, TRUE) > 1, VLOOKUP(C15, Referensi!$C$5:$E$11, 3, TRUE) / 100, VLOOKUP(C15, Referensi!$C$5:$E$11, 3, TRUE))) -> 0.05 | E15: =IF(C15="", "", IF(VLOOKUP(C15, Referensi!$C$5:$F$11, 4, TRUE) > 1, VLOOKUP(C15, Referensi!$C$5:$F$11, 4, TRUE) / 100, VLOOKUP(C15, Referensi!$C$5:$F$11, 4, TRUE))) -> 0.08 | F15: 6 | G15: =IF(C15="","",G14-F15) -> 1391 | H15: =IF(C15="","", C15*G15) -> 20865 | I15: =IF(C15=0,"",AVERAGE(D15:E15)*H15) -> 1356.225 | J15: =I15*$J$6 -> 67.81125 | K15: =I15*$J$5 -> 230.55825 | M15: =L15*37% -> 0 | N15: =IF(J15=0,"", (K15+M15)/J15) -> 3.4 | U15: Gostrong & Aquacell
A16: 46288 | B16: 4 | C16: 15 | D16: =IF(C16="", "", IF(VLOOKUP(C16, Referensi!$C$5:$E$11, 3, TRUE) > 1, VLOOKUP(C16, Referensi!$C$5:$E$11, 3, TRUE) / 100, VLOOKUP(C16, Referensi!$C$5:$E$11, 3, TRUE))) -> 0.05 | E16: =IF(C16="", "", IF(VLOOKUP(C16, Referensi!$C$5:$F$11, 4, TRUE) > 1, VLOOKUP(C16, Referensi!$C$5:$F$11, 4, TRUE) / 100, VLOOKUP(C16, Referensi!$C$5:$F$11, 4, TRUE))) -> 0.08 | F16: 9 | G16: =IF(C16="","",G15-F16) -> 1382 | H16: =IF(C16="","", C16*G16) -> 20730 | I16: =IF(C16=0,"",AVERAGE(D16:E16)*H16) -> 1347.45 | J16: =I16*$J$6 -> 67.3725 | K16: =I16*$J$5 -> 229.0665 | M16: =L16*37% -> 0 | N16: =IF(J16=0,"", (K16+M16)/J16) -> 3.4
A17: 46289 | B17: 5 | C17: 15 | D17: =IF(C17="", "", IF(VLOOKUP(C17, Referensi!$C$5:$E$11, 3, TRUE) > 1, VLOOKUP(C17, Referensi!$C$5:$E$11, 3, TRUE) / 100, VLOOKUP(C17, Referensi!$C$5:$E$11, 3, TRUE))) -> 0.05 | E17: =IF(C17="", "", IF(VLOOKUP(C17, Referensi!$C$5:$F$11, 4, TRUE) > 1, VLOOKUP(C17, Referensi!$C$5:$F$11, 4, TRUE) / 100, VLOOKUP(C17, Referensi!$C$5:$F$11, 4, TRUE))) -> 0.08 | F17: 13 | G17: =IF(C17="","",G16-F17) -> 1369 | H17: =IF(C17="","", C17*G17) -> 20535 | I17: =IF(C17=0,"",AVERAGE(D17:E17)*H17) -> 1334.775 | J17: =I17*$J$6 -> 66.73875 | K17: =I17*$J$5 -> 226.91175 | M17: =L17*37% -> 0 | N17: =IF(J17=0,"", (K17+M17)/J17) -> 3.4
A18: 46290 | B18: 6 | C18: 15 | D18: =IF(C18="", "", IF(VLOOKUP(C18, Referensi!$C$5:$E$11, 3, TRUE) > 1, VLOOKUP(C18, Referensi!$C$5:$E$11, 3, TRUE) / 100, VLOOKUP(C18, Referensi!$C$5:$E$11, 3, TRUE))) -> 0.05 | E18: =IF(C18="", "", IF(VLOOKUP(C18, Referensi!$C$5:$F$11, 4, TRUE) > 1, VLOOKUP(C18, Referensi!$C$5:$F$11, 4, TRUE) / 100, VLOOKUP(C18, Referensi!$C$5:$F$11, 4, TRUE))) -> 0.08 | F18: 19 | G18: =IF(C18="","",G17-F18) -> 1350 | H18: =IF(C18="","", C18*G18) -> 20250 | I18: =IF(C18=0,"",AVERAGE(D18:E18)*H18) -> 1316.25 | J18: =I18*$J$6 -> 65.8125 | K18: =I18*$J$5 -> 223.7625 | M18: =L18*37% -> 0 | N18: =IF(J18=0,"", (K18+M18)/J18) -> 3.4 | U18: Gostrong & Aquacell
A19: 46291 | B19: 7 | C19: 15 | D19: =IF(C19="", "", IF(VLOOKUP(C19, Referensi!$C$5:$E$11, 3, TRUE) > 1, VLOOKUP(C19, Referensi!$C$5:$E$11, 3, TRUE) / 100, VLOOKUP(C19, Referensi!$C$5:$E$11, 3, TRUE))) -> 0.05 | E19: =IF(C19="", "", IF(VLOOKUP(C19, Referensi!$C$5:$F$11, 4, TRUE) > 1, VLOOKUP(C19, Referensi!$C$5:$F$11, 4, TRUE) / 100, VLOOKUP(C19, Referensi!$C$5:$F$11, 4, TRUE))) -> 0.08 | F19: 41 | G19: =IF(C19="","",G18-F19) -> 1309 | H19: =IF(C19="","", C19*G19) -> 19635 | I19: =IF(C19=0,"",AVERAGE(D19:E19)*H19) -> 1276.275 | J19: =I19*$J$6 -> 63.81375 | K19: =I19*$J$5 -> 216.96675 | M19: =L19*37% -> 0 | N19: =IF(J19=0,"", (K19+M19)/J19) -> 3.4
A20: 46292 | B20: 8 | C20: 25 | D20: =IF(C20="", "", IF(VLOOKUP(C20, Referensi!$C$5:$E$11, 3, TRUE) > 1, VLOOKUP(C20, Referensi!$C$5:$E$11, 3, TRUE) / 100, VLOOKUP(C20, Referensi!$C$5:$E$11, 3, TRUE))) -> 0.04 | E20: =IF(C20="", "", IF(VLOOKUP(C20, Referensi!$C$5:$F$11, 4, TRUE) > 1, VLOOKUP(C20, Referensi!$C$5:$F$11, 4, TRUE) / 100, VLOOKUP(C20, Referensi!$C$5:$F$11, 4, TRUE))) -> 0.05 | F20: 26 | G20: =IF(C20="","",G19-F20) -> 1283 | H20: =IF(C20="","", C20*G20) -> 32075 | I20: 0 | J20: =I20*$J$6 -> 0 | K20: =I20*$J$5 -> 0 | M20: =L20*37% -> 0 | N20: =IF(J20=0,"", (K20+M20)/J20)
A21: 46293 | B21: 9 | C21: 25 | D21: =IF(C21="", "", IF(VLOOKUP(C21, Referensi!$C$5:$E$11, 3, TRUE) > 1, VLOOKUP(C21, Referensi!$C$5:$E$11, 3, TRUE) / 100, VLOOKUP(C21, Referensi!$C$5:$E$11, 3, TRUE))) -> 0.04 | E21: =IF(C21="", "", IF(VLOOKUP(C21, Referensi!$C$5:$F$11, 4, TRUE) > 1, VLOOKUP(C21, Referensi!$C$5:$F$11, 4, TRUE) / 100, VLOOKUP(C21, Referensi!$C$5:$F$11, 4, TRUE))) -> 0.05 | F21: 30 | G21: =IF(C21="","",G20-F21) -> 1253 | H21: =IF(C21="","", C21*G21) -> 31325 | I21: =IF(C21=0,"",AVERAGE(D21:E21)*H21) -> 1409.625 | J21: =I21*$J$6 -> 70.48125 | K21: =I21*$J$5 -> 239.63625 | M21: =L21*37% -> 0 | N21: =IF(J21=0,"", (K21+M21)/J21) -> 3.4 | U21: Gostrong & Aquacell & Vit C
A22: 46294 | B22: 10 | C22: 25 | D22: =IF(C22="", "", IF(VLOOKUP(C22, Referensi!$C$5:$E$11, 3, TRUE) > 1, VLOOKUP(C22, Referensi!$C$5:$E$11, 3, TRUE) / 100, VLOOKUP(C22, Referensi!$C$5:$E$11, 3, TRUE))) -> 0.04 | E22: =IF(C22="", "", IF(VLOOKUP(C22, Referensi!$C$5:$F$11, 4, TRUE) > 1, VLOOKUP(C22, Referensi!$C$5:$F$11, 4, TRUE) / 100, VLOOKUP(C22, Referensi!$C$5:$F$11, 4, TRUE))) -> 0.05 | F22: 20 | G22: =IF(C22="","",G21-F22) -> 1233 | H22: =IF(C22="","", C22*G22) -> 30825 | I22: =IF(C22=0,"",AVERAGE(D22:E22)*H22) -> 1387.125 | J22: =I22*$J$6 -> 69.35625 | K22: =I22*$J$5 -> 235.81125 | M22: =L22*37% -> 0 | N22: =IF(J22=0,"", (K22+M22)/J22) -> 3.4 | P22: 7.5 | R22: 4.7 | S22: 27
A23: 46295 | B23: 11 | C23: 25 | D23: =IF(C23="", "", IF(VLOOKUP(C23, Referensi!$C$5:$E$11, 3, TRUE) > 1, VLOOKUP(C23, Referensi!$C$5:$E$11, 3, TRUE) / 100, VLOOKUP(C23, Referensi!$C$5:$E$11, 3, TRUE))) -> 0.04 | E23: =IF(C23="", "", IF(VLOOKUP(C23, Referensi!$C$5:$F$11, 4, TRUE) > 1, VLOOKUP(C23, Referensi!$C$5:$F$11, 4, TRUE) / 100, VLOOKUP(C23, Referensi!$C$5:$F$11, 4, TRUE))) -> 0.05 | F23: 20 | G23: =IF(C23="","",G22-F23) -> 1213 | H23: =IF(C23="","", C23*G23) -> 30325 | I23: =IF(C23=0,"",AVERAGE(D23:E23)*H23) -> 1364.625 | J23: =I23*$J$6 -> 68.23125 | K23: =I23*$J$5 -> 231.98625 | M23: =L23*37% -> 0 | N23: =IF(J23=0,"", (K23+M23)/J23) -> 3.4
A24: 46296 | B24: 12 | D24: =IF(C24="", "", IF(VLOOKUP(C24, Referensi!$C$5:$E$11, 3, TRUE) > 1, VLOOKUP(C24, Referensi!$C$5:$E$11, 3, TRUE) / 100, VLOOKUP(C24, Referensi!$C$5:$E$11, 3, TRUE))) | E24: =IF(C24="", "", IF(VLOOKUP(C24, Referensi!$C$5:$F$11, 4, TRUE) > 1, VLOOKUP(C24, Referensi!$C$5:$F$11, 4, TRUE) / 100, VLOOKUP(C24, Referensi!$C$5:$F$11, 4, TRUE))) | F24: 18 | G24: =IF(C24="","",G23-F24) | H24: =IF(C24="","", C24*G24) | I24: =IF(C24=0,"",AVERAGE(D24:E24)*H24) | J24: =I24*$J$6 -> 0 | K24: =I24*$J$5 -> 0 | M24: =L24*37% -> 0 | N24: =IF(J24=0,"", (K24+M24)/J24) | U24: Gostrong & Aquacell
A25: 46297 | B25: 13 | D25: =IF(C25="", "", IF(VLOOKUP(C25, Referensi!$C$5:$E$11, 3, TRUE) > 1, VLOOKUP(C25, Referensi!$C$5:$E$11, 3, TRUE) / 100, VLOOKUP(C25, Referensi!$C$5:$E$11, 3, TRUE))) | E25: =IF(C25="", "", IF(VLOOKUP(C25, Referensi!$C$5:$F$11, 4, TRUE) > 1, VLOOKUP(C25, Referensi!$C$5:$F$11, 4, TRUE) / 100, VLOOKUP(C25, Referensi!$C$5:$F$11, 4, TRUE))) | F25: 26 | G25: =IF(C25="","",G24-F25) | H25: =IF(C25="","", C25*G25) | I25: =IF(C25=0,"",AVERAGE(D25:E25)*H25) | J25: =I25*$J$6 -> 0 | K25: =I25*$J$5 -> 0 | M25: =L25*37% -> 0 | N25: =IF(J25=0,"", (K25+M25)/J25)
A26: 46298 | B26: 14 | D26: =IF(C26="", "", IF(VLOOKUP(C26, Referensi!$C$5:$E$11, 3, TRUE) > 1, VLOOKUP(C26, Referensi!$C$5:$E$11, 3, TRUE) / 100, VLOOKUP(C26, Referensi!$C$5:$E$11, 3, TRUE))) | E26: =IF(C26="", "", IF(VLOOKUP(C26, Referensi!$C$5:$F$11, 4, TRUE) > 1, VLOOKUP(C26, Referensi!$C$5:$F$11, 4, TRUE) / 100, VLOOKUP(C26, Referensi!$C$5:$F$11, 4, TRUE))) | G26: =IF(C26="","",G25-F26) | H26: =IF(C26="","", C26*G26) | I26: =IF(C26=0,"",AVERAGE(D26:E26)*H26) | J26: =I26*$J$6 -> 0 | K26: =I26*$J$5 -> 0 | M26: =L26*37% -> 0 | N26: =IF(J26=0,"", (K26+M26)/J26)
A27: 46299 | B27: 15 | D27: =IF(C27="", "", IF(VLOOKUP(C27, Referensi!$C$5:$E$11, 3, TRUE) > 1, VLOOKUP(C27, Referensi!$C$5:$E$11, 3, TRUE) / 100, VLOOKUP(C27, Referensi!$C$5:$E$11, 3, TRUE))) | E27: =IF(C27="", "", IF(VLOOKUP(C27, Referensi!$C$5:$F$11, 4, TRUE) > 1, VLOOKUP(C27, Referensi!$C$5:$F$11, 4, TRUE) / 100, VLOOKUP(C27, Referensi!$C$5:$F$11, 4, TRUE))) | G27: =IF(C27="","",G26-F27) | H27: =IF(C27="","", C27*G27) | I27: =IF(C27=0,"",AVERAGE(D27:E27)*H27) | J27: =I27*$J$6 -> 0 | K27: =I27*$J$5 -> 0 | M27: =L27*37% -> 0 | N27: =IF(J27=0,"", (K27+M27)/J27) | U27: Gostrong & Aquacell
A28: 46300 | B28: 16 | D28: =IF(C28="", "", IF(VLOOKUP(C28, Referensi!$C$5:$E$11, 3, TRUE) > 1, VLOOKUP(C28, Referensi!$C$5:$E$11, 3, TRUE) / 100, VLOOKUP(C28, Referensi!$C$5:$E$11, 3, TRUE))) | E28: =IF(C28="", "", IF(VLOOKUP(C28, Referensi!$C$5:$F$11, 4, TRUE) > 1, VLOOKUP(C28, Referensi!$C$5:$F$11, 4, TRUE) / 100, VLOOKUP(C28, Referensi!$C$5:$F$11, 4, TRUE))) | G28: =IF(C28="","",G27-F28) | H28: =IF(C28="","", C28*G28) | I28: =IF(C28=0,"",AVERAGE(D28:E28)*H28) | J28: =I28*$J$6 -> 0 | K28: =I28*$J$5 -> 0 | M28: =L28*37% -> 0 | N28: =IF(J28=0,"", (K28+M28)/J28)
B29: 17 | D29: =IF(C29="", "", IF(VLOOKUP(C29, Referensi!$C$5:$E$11, 3, TRUE) > 1, VLOOKUP(C29, Referensi!$C$5:$E$11, 3, TRUE) / 100, VLOOKUP(C29, Referensi!$C$5:$E$11, 3, TRUE))) | E29: =IF(C29="", "", IF(VLOOKUP(C29, Referensi!$C$5:$F$11, 4, TRUE) > 1, VLOOKUP(C29, Referensi!$C$5:$F$11, 4, TRUE) / 100, VLOOKUP(C29, Referensi!$C$5:$F$11, 4, TRUE))) | G29: =IF(C29="","",G28-F29) | H29: =IF(C29="","", C29*G29) | I29: =IF(C29=0,"",AVERAGE(D29:E29)*H29) | J29: =I29*$J$6 -> 0 | K29: =I29*$J$5 -> 0 | M29: =L29*37% -> 0 | N29: =IF(J29=0,"", (K29+M29)/J29)
B30: 18 | D30: =IF(C30="", "", IF(VLOOKUP(C30, Referensi!$C$5:$E$11, 3, TRUE) > 1, VLOOKUP(C30, Referensi!$C$5:$E$11, 3, TRUE) / 100, VLOOKUP(C30, Referensi!$C$5:$E$11, 3, TRUE))) | E30: =IF(C30="", "", IF(VLOOKUP(C30, Referensi!$C$5:$F$11, 4, TRUE) > 1, VLOOKUP(C30, Referensi!$C$5:$F$11, 4, TRUE) / 100, VLOOKUP(C30, Referensi!$C$5:$F$11, 4, TRUE))) | G30: =IF(C30="","",G29-F30) | H30: =IF(C30="","", C30*G30) | I30: =IF(C30=0,"",AVERAGE(D30:E30)*H30) | J30: =I30*$J$6 -> 0 | K30: =I30*$J$5 -> 0 | M30: =L30*37% -> 0 | N30: =IF(J30=0,"", (K30+M30)/J30) | U30: Gostrong & Aquacell
B31: 19 | D31: =IF(C31="", "", IF(VLOOKUP(C31, Referensi!$C$5:$E$11, 3, TRUE) > 1, VLOOKUP(C31, Referensi!$C$5:$E$11, 3, TRUE) / 100, VLOOKUP(C31, Referensi!$C$5:$E$11, 3, TRUE))) | E31: =IF(C31="", "", IF(VLOOKUP(C31, Referensi!$C$5:$F$11, 4, TRUE) > 1, VLOOKUP(C31, Referensi!$C$5:$F$11, 4, TRUE) / 100, VLOOKUP(C31, Referensi!$C$5:$F$11, 4, TRUE))) | G31: =IF(C31="","",G30-F31) | H31: =IF(C31="","", C31*G31) | I31: =IF(C31=0,"",AVERAGE(D31:E31)*H31) | J31: =I31*$J$6 -> 0 | K31: =I31*$J$5 -> 0 | M31: =L31*37% -> 0 | N31: =IF(J31=0,"", (K31+M31)/J31)
B32: 20 | D32: =IF(C32="", "", IF(VLOOKUP(C32, Referensi!$C$5:$E$11, 3, TRUE) > 1, VLOOKUP(C32, Referensi!$C$5:$E$11, 3, TRUE) / 100, VLOOKUP(C32, Referensi!$C$5:$E$11, 3, TRUE))) | E32: =IF(C32="", "", IF(VLOOKUP(C32, Referensi!$C$5:$F$11, 4, TRUE) > 1, VLOOKUP(C32, Referensi!$C$5:$F$11, 4, TRUE) / 100, VLOOKUP(C32, Referensi!$C$5:$F$11, 4, TRUE))) | G32: =IF(C32="","",G31-F32) | H32: =IF(C32="","", C32*G32) | I32: =IF(C32=0,"",AVERAGE(D32:E32)*H32) | J32: =I32*$J$6 -> 0 | K32: =I32*$J$5 -> 0 | M32: =L32*37% -> 0 | N32: =IF(J32=0,"", (K32+M32)/J32)
B33: 21 | D33: =IF(C33="", "", IF(VLOOKUP(C33, Referensi!$C$5:$E$11, 3, TRUE) > 1, VLOOKUP(C33, Referensi!$C$5:$E$11, 3, TRUE) / 100, VLOOKUP(C33, Referensi!$C$5:$E$11, 3, TRUE))) | E33: =IF(C33="", "", IF(VLOOKUP(C33, Referensi!$C$5:$F$11, 4, TRUE) > 1, VLOOKUP(C33, Referensi!$C$5:$F$11, 4, TRUE) / 100, VLOOKUP(C33, Referensi!$C$5:$F$11, 4, TRUE))) | G33: =IF(C33="","",G32-F33) | H33: =IF(C33="","", C33*G33) | I33: =IF(C33=0,"",AVERAGE(D33:E33)*H33) | J33: =I33*$J$6 -> 0 | K33: =I33*$J$5 -> 0 | M33: =L33*37% -> 0 | N33: =IF(J33=0,"", (K33+M33)/J33) | U33: Gostrong & Aquacell
B34: 22 | D34: =IF(C34="", "", IF(VLOOKUP(C34, Referensi!$C$5:$E$11, 3, TRUE) > 1, VLOOKUP(C34, Referensi!$C$5:$E$11, 3, TRUE) / 100, VLOOKUP(C34, Referensi!$C$5:$E$11, 3, TRUE))) | E34: =IF(C34="", "", IF(VLOOKUP(C34, Referensi!$C$5:$F$11, 4, TRUE) > 1, VLOOKUP(C34, Referensi!$C$5:$F$11, 4, TRUE) / 100, VLOOKUP(C34, Referensi!$C$5:$F$11, 4, TRUE))) | G34: =IF(C34="","",G33-F34) | H34: =IF(C34="","", C34*G34) | I34: =IF(C34=0,"",AVERAGE(D34:E34)*H34) | J34: =I34*$J$6 -> 0 | K34: =I34*$J$5 -> 0 | M34: =L34*37% -> 0 | N34: =IF(J34=0,"", (K34+M34)/J34)
B35: 23 | D35: =IF(C35="", "", IF(VLOOKUP(C35, Referensi!$C$5:$E$11, 3, TRUE) > 1, VLOOKUP(C35, Referensi!$C$5:$E$11, 3, TRUE) / 100, VLOOKUP(C35, Referensi!$C$5:$E$11, 3, TRUE))) | E35: =IF(C35="", "", IF(VLOOKUP(C35, Referensi!$C$5:$F$11, 4, TRUE) > 1, VLOOKUP(C35, Referensi!$C$5:$F$11, 4, TRUE) / 100, VLOOKUP(C35, Referensi!$C$5:$F$11, 4, TRUE))) | G35: =IF(C35="","",G34-F35) | H35: =IF(C35="","", C35*G35) | I35: =IF(C35=0,"",AVERAGE(D35:E35)*H35) | J35: =I35*$J$6 -> 0 | K35: =I35*$J$5 -> 0 | M35: =L35*37% -> 0 | N35: =IF(J35=0,"", (K35+M35)/J35)
B36: 24 | D36: =IF(C36="", "", IF(VLOOKUP(C36, Referensi!$C$5:$E$11, 3, TRUE) > 1, VLOOKUP(C36, Referensi!$C$5:$E$11, 3, TRUE) / 100, VLOOKUP(C36, Referensi!$C$5:$E$11, 3, TRUE))) | E36: =IF(C36="", "", IF(VLOOKUP(C36, Referensi!$C$5:$F$11, 4, TRUE) > 1, VLOOKUP(C36, Referensi!$C$5:$F$11, 4, TRUE) / 100, VLOOKUP(C36, Referensi!$C$5:$F$11, 4, TRUE))) | G36: =IF(C36="","",G35-F36) | H36: =IF(C36="","", C36*G36) | I36: =IF(C36=0,"",AVERAGE(D36:E36)*H36) | J36: =I36*$J$6 -> 0 | K36: =I36*$J$5 -> 0 | M36: =L36*37% -> 0 | N36: =IF(J36=0,"", (K36+M36)/J36) | U36: Gostrong & Aquacell
B37: 25 | D37: =IF(C37="", "", IF(VLOOKUP(C37, Referensi!$C$5:$E$11, 3, TRUE) > 1, VLOOKUP(C37, Referensi!$C$5:$E$11, 3, TRUE) / 100, VLOOKUP(C37, Referensi!$C$5:$E$11, 3, TRUE))) | E37: =IF(C37="", "", IF(VLOOKUP(C37, Referensi!$C$5:$F$11, 4, TRUE) > 1, VLOOKUP(C37, Referensi!$C$5:$F$11, 4, TRUE) / 100, VLOOKUP(C37, Referensi!$C$5:$F$11, 4, TRUE))) | G37: =IF(C37="","",G36-F37) | H37: =IF(C37="","", C37*G37) | I37: =IF(C37=0,"",AVERAGE(D37:E37)*H37) | J37: =I37*$J$6 -> 0 | K37: =I37*$J$5 -> 0 | M37: =L37*37% -> 0 | N37: =IF(J37=0,"", (K37+M37)/J37)
B38: 26 | D38: =IF(C38="", "", IF(VLOOKUP(C38, Referensi!$C$5:$E$11, 3, TRUE) > 1, VLOOKUP(C38, Referensi!$C$5:$E$11, 3, TRUE) / 100, VLOOKUP(C38, Referensi!$C$5:$E$11, 3, TRUE))) | E38: =IF(C38="", "", IF(VLOOKUP(C38, Referensi!$C$5:$F$11, 4, TRUE) > 1, VLOOKUP(C38, Referensi!$C$5:$F$11, 4, TRUE) / 100, VLOOKUP(C38, Referensi!$C$5:$F$11, 4, TRUE))) | G38: =IF(C38="","",G37-F38) | H38: =IF(C38="","", C38*G38) | I38: =IF(C38=0,"",AVERAGE(D38:E38)*H38) | J38: =I38*$J$6 -> 0 | K38: =I38*$J$5 -> 0 | M38: =L38*37% -> 0 | N38: =IF(J38=0,"", (K38+M38)/J38)
B39: 27 | D39: =IF(C39="", "", IF(VLOOKUP(C39, Referensi!$C$5:$E$11, 3, TRUE) > 1, VLOOKUP(C39, Referensi!$C$5:$E$11, 3, TRUE) / 100, VLOOKUP(C39, Referensi!$C$5:$E$11, 3, TRUE))) | E39: =IF(C39="", "", IF(VLOOKUP(C39, Referensi!$C$5:$F$11, 4, TRUE) > 1, VLOOKUP(C39, Referensi!$C$5:$F$11, 4, TRUE) / 100, VLOOKUP(C39, Referensi!$C$5:$F$11, 4, TRUE))) | G39: =IF(C39="","",G38-F39) | H39: =IF(C39="","", C39*G39) | I39: =IF(C39=0,"",AVERAGE(D39:E39)*H39) | J39: =I39*$J$6 -> 0 | K39: =I39*$J$5 -> 0 | M39: =L39*37% -> 0 | N39: =IF(J39=0,"", (K39+M39)/J39) | U39: Gostrong & Aquacell
B40: 28 | D40: =IF(C40="", "", IF(VLOOKUP(C40, Referensi!$C$5:$E$11, 3, TRUE) > 1, VLOOKUP(C40, Referensi!$C$5:$E$11, 3, TRUE) / 100, VLOOKUP(C40, Referensi!$C$5:$E$11, 3, TRUE))) | E40: =IF(C40="", "", IF(VLOOKUP(C40, Referensi!$C$5:$F$11, 4, TRUE) > 1, VLOOKUP(C40, Referensi!$C$5:$F$11, 4, TRUE) / 100, VLOOKUP(C40, Referensi!$C$5:$F$11, 4, TRUE))) | G40: =IF(C40="","",G39-F40) | H40: =IF(C40="","", C40*G40) | I40: =IF(C40=0,"",AVERAGE(D40:E40)*H40) | J40: =I40*$J$6 -> 0 | K40: =I40*$J$5 -> 0 | M40: =L40*37% -> 0 | N40: =IF(J40=0,"", (K40+M40)/J40)
B41: 29 | D41: =IF(C41="", "", IF(VLOOKUP(C41, Referensi!$C$5:$E$11, 3, TRUE) > 1, VLOOKUP(C41, Referensi!$C$5:$E$11, 3, TRUE) / 100, VLOOKUP(C41, Referensi!$C$5:$E$11, 3, TRUE))) | E41: =IF(C41="", "", IF(VLOOKUP(C41, Referensi!$C$5:$F$11, 4, TRUE) > 1, VLOOKUP(C41, Referensi!$C$5:$F$11, 4, TRUE) / 100, VLOOKUP(C41, Referensi!$C$5:$F$11, 4, TRUE))) | G41: =IF(C41="","",G40-F41) | H41: =IF(C41="","", C41*G41) | I41: =IF(C41=0,"",AVERAGE(D41:E41)*H41) | J41: =I41*$J$6 -> 0 | K41: =I41*$J$5 -> 0 | M41: =L41*37% -> 0 | N41: =IF(J41=0,"", (K41+M41)/J41)
B42: 30 | D42: =IF(C42="", "", IF(VLOOKUP(C42, Referensi!$C$5:$E$11, 3, TRUE) > 1, VLOOKUP(C42, Referensi!$C$5:$E$11, 3, TRUE) / 100, VLOOKUP(C42, Referensi!$C$5:$E$11, 3, TRUE))) | E42: =IF(C42="", "", IF(VLOOKUP(C42, Referensi!$C$5:$F$11, 4, TRUE) > 1, VLOOKUP(C42, Referensi!$C$5:$F$11, 4, TRUE) / 100, VLOOKUP(C42, Referensi!$C$5:$F$11, 4, TRUE))) | G42: =IF(C42="","",G41-F42) | H42: =IF(C42="","", C42*G42) | I42: =IF(C42=0,"",AVERAGE(D42:E42)*H42) | J42: =I42*$J$6 -> 0 | K42: =I42*$J$5 -> 0 | M42: =L42*37% -> 0 | N42: =IF(J42=0,"", (K42+M42)/J42) | U42: Gostrong & Aquacell
B43: 31 | D43: =IF(C43="", "", IF(VLOOKUP(C43, Referensi!$C$5:$E$11, 3, TRUE) > 1, VLOOKUP(C43, Referensi!$C$5:$E$11, 3, TRUE) / 100, VLOOKUP(C43, Referensi!$C$5:$E$11, 3, TRUE))) | E43: =IF(C43="", "", IF(VLOOKUP(C43, Referensi!$C$5:$F$11, 4, TRUE) > 1, VLOOKUP(C43, Referensi!$C$5:$F$11, 4, TRUE) / 100, VLOOKUP(C43, Referensi!$C$5:$F$11, 4, TRUE))) | G43: =IF(C43="","",G42-F43) | H43: =IF(C43="","", C43*G43) | I43: =IF(C43=0,"",AVERAGE(D43:E43)*H43) | J43: =I43*$J$6 -> 0 | K43: =I43*$J$5 -> 0 | M43: =L43*37% -> 0 | N43: =IF(J43=0,"", (K43+M43)/J43)
B44: 32 | D44: =IF(C44="", "", IF(VLOOKUP(C44, Referensi!$C$5:$E$11, 3, TRUE) > 1, VLOOKUP(C44, Referensi!$C$5:$E$11, 3, TRUE) / 100, VLOOKUP(C44, Referensi!$C$5:$E$11, 3, TRUE))) | E44: =IF(C44="", "", IF(VLOOKUP(C44, Referensi!$C$5:$F$11, 4, TRUE) > 1, VLOOKUP(C44, Referensi!$C$5:$F$11, 4, TRUE) / 100, VLOOKUP(C44, Referensi!$C$5:$F$11, 4, TRUE))) | G44: =IF(C44="","",G43-F44) | H44: =IF(C44="","", C44*G44) | I44: =IF(C44=0,"",AVERAGE(D44:E44)*H44) | J44: =I44*$J$6 -> 0 | K44: =I44*$J$5 -> 0 | M44: =L44*37% -> 0 | N44: =IF(J44=0,"", (K44+M44)/J44)
B45: 33 | D45: =IF(C45="", "", IF(VLOOKUP(C45, Referensi!$C$5:$E$11, 3, TRUE) > 1, VLOOKUP(C45, Referensi!$C$5:$E$11, 3, TRUE) / 100, VLOOKUP(C45, Referensi!$C$5:$E$11, 3, TRUE))) | E45: =IF(C45="", "", IF(VLOOKUP(C45, Referensi!$C$5:$F$11, 4, TRUE) > 1, VLOOKUP(C45, Referensi!$C$5:$F$11, 4, TRUE) / 100, VLOOKUP(C45, Referensi!$C$5:$F$11, 4, TRUE))) | G45: =IF(C45="","",G44-F45) | H45: =IF(C45="","", C45*G45) | I45: =IF(C45=0,"",AVERAGE(D45:E45)*H45) | J45: =I45*$J$6 -> 0 | K45: =I45*$J$5 -> 0 | M45: =L45*37% -> 0 | N45: =IF(J45=0,"", (K45+M45)/J45) | U45: Gostrong & Aquacell
B46: 34 | D46: =IF(C46="", "", IF(VLOOKUP(C46, Referensi!$C$5:$E$11, 3, TRUE) > 1, VLOOKUP(C46, Referensi!$C$5:$E$11, 3, TRUE) / 100, VLOOKUP(C46, Referensi!$C$5:$E$11, 3, TRUE))) | E46: =IF(C46="", "", IF(VLOOKUP(C46, Referensi!$C$5:$F$11, 4, TRUE) > 1, VLOOKUP(C46, Referensi!$C$5:$F$11, 4, TRUE) / 100, VLOOKUP(C46, Referensi!$C$5:$F$11, 4, TRUE))) | G46: =IF(C46="","",G45-F46) | H46: =IF(C46="","", C46*G46) | I46: =IF(C46=0,"",AVERAGE(D46:E46)*H46) | J46: =I46*$J$6 -> 0 | K46: =I46*$J$5 -> 0 | M46: =L46*37% -> 0 | N46: =IF(J46=0,"", (K46+M46)/J46)
B47: 35 | D47: =IF(C47="", "", IF(VLOOKUP(C47, Referensi!$C$5:$E$11, 3, TRUE) > 1, VLOOKUP(C47, Referensi!$C$5:$E$11, 3, TRUE) / 100, VLOOKUP(C47, Referensi!$C$5:$E$11, 3, TRUE))) | E47: =IF(C47="", "", IF(VLOOKUP(C47, Referensi!$C$5:$F$11, 4, TRUE) > 1, VLOOKUP(C47, Referensi!$C$5:$F$11, 4, TRUE) / 100, VLOOKUP(C47, Referensi!$C$5:$F$11, 4, TRUE))) | G47: =IF(C47="","",G46-F47) | H47: =IF(C47="","", C47*G47) | I47: =IF(C47=0,"",AVERAGE(D47:E47)*H47) | J47: =I47*$J$6 -> 0 | K47: =I47*$J$5 -> 0 | M47: =L47*37% -> 0 | N47: =IF(J47=0,"", (K47+M47)/J47)
B48: 36 | D48: =IF(C48="", "", IF(VLOOKUP(C48, Referensi!$C$5:$E$11, 3, TRUE) > 1, VLOOKUP(C48, Referensi!$C$5:$E$11, 3, TRUE) / 100, VLOOKUP(C48, Referensi!$C$5:$E$11, 3, TRUE))) | E48: =IF(C48="", "", IF(VLOOKUP(C48, Referensi!$C$5:$F$11, 4, TRUE) > 1, VLOOKUP(C48, Referensi!$C$5:$F$11, 4, TRUE) / 100, VLOOKUP(C48, Referensi!$C$5:$F$11, 4, TRUE))) | G48: =IF(C48="","",G47-F48) | H48: =IF(C48="","", C48*G48) | I48: =IF(C48=0,"",AVERAGE(D48:E48)*H48) | J48: =I48*$J$6 -> 0 | K48: =I48*$J$5 -> 0 | M48: =L48*37% -> 0 | N48: =IF(J48=0,"", (K48+M48)/J48) | U48: Gostrong & Aquacell
B49: 37 | D49: =IF(C49="", "", IF(VLOOKUP(C49, Referensi!$C$5:$E$11, 3, TRUE) > 1, VLOOKUP(C49, Referensi!$C$5:$E$11, 3, TRUE) / 100, VLOOKUP(C49, Referensi!$C$5:$E$11, 3, TRUE))) | E49: =IF(C49="", "", IF(VLOOKUP(C49, Referensi!$C$5:$F$11, 4, TRUE) > 1, VLOOKUP(C49, Referensi!$C$5:$F$11, 4, TRUE) / 100, VLOOKUP(C49, Referensi!$C$5:$F$11, 4, TRUE))) | G49: =IF(C49="","",G48-F49) | H49: =IF(C49="","", C49*G49) | I49: =IF(C49=0,"",AVERAGE(D49:E49)*H49) | J49: =I49*$J$6 -> 0 | K49: =I49*$J$5 -> 0 | M49: =L49*37% -> 0 | N49: =IF(J49=0,"", (K49+M49)/J49)
B50: 38 | D50: =IF(C50="", "", IF(VLOOKUP(C50, Referensi!$C$5:$E$11, 3, TRUE) > 1, VLOOKUP(C50, Referensi!$C$5:$E$11, 3, TRUE) / 100, VLOOKUP(C50, Referensi!$C$5:$E$11, 3, TRUE))) | E50: =IF(C50="", "", IF(VLOOKUP(C50, Referensi!$C$5:$F$11, 4, TRUE) > 1, VLOOKUP(C50, Referensi!$C$5:$F$11, 4, TRUE) / 100, VLOOKUP(C50, Referensi!$C$5:$F$11, 4, TRUE))) | G50: =IF(C50="","",G49-F50) | H50: =IF(C50="","", C50*G50) | I50: =IF(C50=0,"",AVERAGE(D50:E50)*H50) | J50: =I50*$J$6 -> 0 | K50: =I50*$J$5 -> 0 | M50: =L50*37% -> 0 | N50: =IF(J50=0,"", (K50+M50)/J50)
B51: 39 | D51: =IF(C51="", "", IF(VLOOKUP(C51, Referensi!$C$5:$E$11, 3, TRUE) > 1, VLOOKUP(C51, Referensi!$C$5:$E$11, 3, TRUE) / 100, VLOOKUP(C51, Referensi!$C$5:$E$11, 3, TRUE))) | E51: =IF(C51="", "", IF(VLOOKUP(C51, Referensi!$C$5:$F$11, 4, TRUE) > 1, VLOOKUP(C51, Referensi!$C$5:$F$11, 4, TRUE) / 100, VLOOKUP(C51, Referensi!$C$5:$F$11, 4, TRUE))) | G51: =IF(C51="","",G50-F51) | H51: =IF(C51="","", C51*G51) | I51: =IF(C51=0,"",AVERAGE(D51:E51)*H51) | J51: =I51*$J$6 -> 0 | K51: =I51*$J$5 -> 0 | M51: =L51*37% -> 0 | N51: =IF(J51=0,"", (K51+M51)/J51) | U51: Gostrong & Aquacell
B52: 40 | D52: =IF(C52="", "", IF(VLOOKUP(C52, Referensi!$C$5:$E$11, 3, TRUE) > 1, VLOOKUP(C52, Referensi!$C$5:$E$11, 3, TRUE) / 100, VLOOKUP(C52, Referensi!$C$5:$E$11, 3, TRUE))) | E52: =IF(C52="", "", IF(VLOOKUP(C52, Referensi!$C$5:$F$11, 4, TRUE) > 1, VLOOKUP(C52, Referensi!$C$5:$F$11, 4, TRUE) / 100, VLOOKUP(C52, Referensi!$C$5:$F$11, 4, TRUE))) | G52: =IF(C52="","",G51-F52) | H52: =IF(C52="","", C52*G52) | I52: =IF(C52=0,"",AVERAGE(D52:E52)*H52) | J52: =I52*$J$6 -> 0 | K52: =I52*$J$5 -> 0 | M52: =L52*37% -> 0 | N52: =IF(J52=0,"", (K52+M52)/J52)
B53: 41 | D53: =IF(C53="", "", IF(VLOOKUP(C53, Referensi!$C$5:$E$11, 3, TRUE) > 1, VLOOKUP(C53, Referensi!$C$5:$E$11, 3, TRUE) / 100, VLOOKUP(C53, Referensi!$C$5:$E$11, 3, TRUE))) | E53: =IF(C53="", "", IF(VLOOKUP(C53, Referensi!$C$5:$F$11, 4, TRUE) > 1, VLOOKUP(C53, Referensi!$C$5:$F$11, 4, TRUE) / 100, VLOOKUP(C53, Referensi!$C$5:$F$11, 4, TRUE))) | G53: =IF(C53="","",G52-F53) | H53: =IF(C53="","", C53*G53) | I53: =IF(C53=0,"",AVERAGE(D53:E53)*H53) | J53: =I53*$J$6 -> 0 | K53: =I53*$J$5 -> 0 | M53: =L53*37% -> 0 | N53: =IF(J53=0,"", (K53+M53)/J53)
B54: 42 | D54: =IF(C54="", "", IF(VLOOKUP(C54, Referensi!$C$5:$E$11, 3, TRUE) > 1, VLOOKUP(C54, Referensi!$C$5:$E$11, 3, TRUE) / 100, VLOOKUP(C54, Referensi!$C$5:$E$11, 3, TRUE))) | E54: =IF(C54="", "", IF(VLOOKUP(C54, Referensi!$C$5:$F$11, 4, TRUE) > 1, VLOOKUP(C54, Referensi!$C$5:$F$11, 4, TRUE) / 100, VLOOKUP(C54, Referensi!$C$5:$F$11, 4, TRUE))) | G54: =IF(C54="","",G53-F54) | H54: =IF(C54="","", C54*G54) | I54: =IF(C54=0,"",AVERAGE(D54:E54)*H54) | J54: =I54*$J$6 -> 0 | K54: =I54*$J$5 -> 0 | M54: =L54*37% -> 0 | N54: =IF(J54=0,"", (K54+M54)/J54) | U54: Gostrong & Aquacell
B55: 43 | D55: =IF(C55="", "", IF(VLOOKUP(C55, Referensi!$C$5:$E$11, 3, TRUE) > 1, VLOOKUP(C55, Referensi!$C$5:$E$11, 3, TRUE) / 100, VLOOKUP(C55, Referensi!$C$5:$E$11, 3, TRUE))) | E55: =IF(C55="", "", IF(VLOOKUP(C55, Referensi!$C$5:$F$11, 4, TRUE) > 1, VLOOKUP(C55, Referensi!$C$5:$F$11, 4, TRUE) / 100, VLOOKUP(C55, Referensi!$C$5:$F$11, 4, TRUE))) | G55: =IF(C55="","",G54-F55) | H55: =IF(C55="","", C55*G55) | I55: =IF(C55=0,"",AVERAGE(D55:E55)*H55) | J55: =I55*$J$6 -> 0 | K55: =I55*$J$5 -> 0 | M55: =L55*37% -> 0 | N55: =IF(J55=0,"", (K55+M55)/J55)
B56: 44 | D56: =IF(C56="", "", IF(VLOOKUP(C56, Referensi!$C$5:$E$11, 3, TRUE) > 1, VLOOKUP(C56, Referensi!$C$5:$E$11, 3, TRUE) / 100, VLOOKUP(C56, Referensi!$C$5:$E$11, 3, TRUE))) | E56: =IF(C56="", "", IF(VLOOKUP(C56, Referensi!$C$5:$F$11, 4, TRUE) > 1, VLOOKUP(C56, Referensi!$C$5:$F$11, 4, TRUE) / 100, VLOOKUP(C56, Referensi!$C$5:$F$11, 4, TRUE))) | G56: =IF(C56="","",G55-F56) | H56: =IF(C56="","", C56*G56) | I56: =IF(C56=0,"",AVERAGE(D56:E56)*H56) | J56: =I56*$J$6 -> 0 | K56: =I56*$J$5 -> 0 | M56: =L56*37% -> 0 | N56: =IF(J56=0,"", (K56+M56)/J56)
B57: 45 | D57: =IF(C57="", "", IF(VLOOKUP(C57, Referensi!$C$5:$E$11, 3, TRUE) > 1, VLOOKUP(C57, Referensi!$C$5:$E$11, 3, TRUE) / 100, VLOOKUP(C57, Referensi!$C$5:$E$11, 3, TRUE))) | E57: =IF(C57="", "", IF(VLOOKUP(C57, Referensi!$C$5:$F$11, 4, TRUE) > 1, VLOOKUP(C57, Referensi!$C$5:$F$11, 4, TRUE) / 100, VLOOKUP(C57, Referensi!$C$5:$F$11, 4, TRUE))) | G57: =IF(C57="","",G56-F57) | H57: =IF(C57="","", C57*G57) | I57: =IF(C57=0,"",AVERAGE(D57:E57)*H57) | J57: =I57*$J$6 -> 0 | K57: =I57*$J$5 -> 0 | M57: =L57*37% -> 0 | N57: =IF(J57=0,"", (K57+M57)/J57) | U57: Gostrong & Aquacell
B58: 46 | D58: =IF(C58="", "", IF(VLOOKUP(C58, Referensi!$C$5:$E$11, 3, TRUE) > 1, VLOOKUP(C58, Referensi!$C$5:$E$11, 3, TRUE) / 100, VLOOKUP(C58, Referensi!$C$5:$E$11, 3, TRUE))) | E58: =IF(C58="", "", IF(VLOOKUP(C58, Referensi!$C$5:$F$11, 4, TRUE) > 1, VLOOKUP(C58, Referensi!$C$5:$F$11, 4, TRUE) / 100, VLOOKUP(C58, Referensi!$C$5:$F$11, 4, TRUE))) | G58: =IF(C58="","",G57-F58) | H58: =IF(C58="","", C58*G58) | I58: =IF(C58=0,"",AVERAGE(D58:E58)*H58) | J58: =I58*$J$6 -> 0 | K58: =I58*$J$5 -> 0 | M58: =L58*37% -> 0 | N58: =IF(J58=0,"", (K58+M58)/J58)
B59: 47 | D59: =IF(C59="", "", IF(VLOOKUP(C59, Referensi!$C$5:$E$11, 3, TRUE) > 1, VLOOKUP(C59, Referensi!$C$5:$E$11, 3, TRUE) / 100, VLOOKUP(C59, Referensi!$C$5:$E$11, 3, TRUE))) | E59: =IF(C59="", "", IF(VLOOKUP(C59, Referensi!$C$5:$F$11, 4, TRUE) > 1, VLOOKUP(C59, Referensi!$C$5:$F$11, 4, TRUE) / 100, VLOOKUP(C59, Referensi!$C$5:$F$11, 4, TRUE))) | G59: =IF(C59="","",G58-F59) | H59: =IF(C59="","", C59*G59) | I59: =IF(C59=0,"",AVERAGE(D59:E59)*H59) | J59: =I59*$J$6 -> 0 | K59: =I59*$J$5 -> 0 | M59: =L59*37% -> 0 | N59: =IF(J59=0,"", (K59+M59)/J59)
B60: 48 | D60: =IF(C60="", "", IF(VLOOKUP(C60, Referensi!$C$5:$E$11, 3, TRUE) > 1, VLOOKUP(C60, Referensi!$C$5:$E$11, 3, TRUE) / 100, VLOOKUP(C60, Referensi!$C$5:$E$11, 3, TRUE))) | E60: =IF(C60="", "", IF(VLOOKUP(C60, Referensi!$C$5:$F$11, 4, TRUE) > 1, VLOOKUP(C60, Referensi!$C$5:$F$11, 4, TRUE) / 100, VLOOKUP(C60, Referensi!$C$5:$F$11, 4, TRUE))) | G60: =IF(C60="","",G59-F60) | H60: =IF(C60="","", C60*G60) | I60: =IF(C60=0,"",AVERAGE(D60:E60)*H60) | J60: =I60*$J$6 -> 0 | K60: =I60*$J$5 -> 0 | M60: =L60*37% -> 0 | N60: =IF(J60=0,"", (K60+M60)/J60) | U60: Gostrong & Aquacell
B61: 49 | D61: =IF(C61="", "", IF(VLOOKUP(C61, Referensi!$C$5:$E$11, 3, TRUE) > 1, VLOOKUP(C61, Referensi!$C$5:$E$11, 3, TRUE) / 100, VLOOKUP(C61, Referensi!$C$5:$E$11, 3, TRUE))) | E61: =IF(C61="", "", IF(VLOOKUP(C61, Referensi!$C$5:$F$11, 4, TRUE) > 1, VLOOKUP(C61, Referensi!$C$5:$F$11, 4, TRUE) / 100, VLOOKUP(C61, Referensi!$C$5:$F$11, 4, TRUE))) | G61: =IF(C61="","",G60-F61) | H61: =IF(C61="","", C61*G61) | I61: =IF(C61=0,"",AVERAGE(D61:E61)*H61) | J61: =I61*$J$6 -> 0 | K61: =I61*$J$5 -> 0 | M61: =L61*37% -> 0 | N61: =IF(J61=0,"", (K61+M61)/J61)
B62: 50 | D62: =IF(C62="", "", IF(VLOOKUP(C62, Referensi!$C$5:$E$11, 3, TRUE) > 1, VLOOKUP(C62, Referensi!$C$5:$E$11, 3, TRUE) / 100, VLOOKUP(C62, Referensi!$C$5:$E$11, 3, TRUE))) | E62: =IF(C62="", "", IF(VLOOKUP(C62, Referensi!$C$5:$F$11, 4, TRUE) > 1, VLOOKUP(C62, Referensi!$C$5:$F$11, 4, TRUE) / 100, VLOOKUP(C62, Referensi!$C$5:$F$11, 4, TRUE))) | G62: =IF(C62="","",G61-F62) | H62: =IF(C62="","", C62*G62) | I62: =IF(C62=0,"",AVERAGE(D62:E62)*H62) | J62: =I62*$J$6 -> 0 | K62: =I62*$J$5 -> 0 | M62: =L62*37% -> 0 | N62: =IF(J62=0,"", (K62+M62)/J62)
B63: 51 | D63: =IF(C63="", "", IF(VLOOKUP(C63, Referensi!$C$5:$E$11, 3, TRUE) > 1, VLOOKUP(C63, Referensi!$C$5:$E$11, 3, TRUE) / 100, VLOOKUP(C63, Referensi!$C$5:$E$11, 3, TRUE))) | E63: =IF(C63="", "", IF(VLOOKUP(C63, Referensi!$C$5:$F$11, 4, TRUE) > 1, VLOOKUP(C63, Referensi!$C$5:$F$11, 4, TRUE) / 100, VLOOKUP(C63, Referensi!$C$5:$F$11, 4, TRUE))) | G63: =IF(C63="","",G62-F63) | H63: =IF(C63="","", C63*G63) | I63: =IF(C63=0,"",AVERAGE(D63:E63)*H63) | J63: =I63*$J$6 -> 0 | K63: =I63*$J$5 -> 0 | M63: =L63*37% -> 0 | N63: =IF(J63=0,"", (K63+M63)/J63) | U63: Gostrong & Aquacell
B64: 52 | D64: =IF(C64="", "", IF(VLOOKUP(C64, Referensi!$C$5:$E$11, 3, TRUE) > 1, VLOOKUP(C64, Referensi!$C$5:$E$11, 3, TRUE) / 100, VLOOKUP(C64, Referensi!$C$5:$E$11, 3, TRUE))) | E64: =IF(C64="", "", IF(VLOOKUP(C64, Referensi!$C$5:$F$11, 4, TRUE) > 1, VLOOKUP(C64, Referensi!$C$5:$F$11, 4, TRUE) / 100, VLOOKUP(C64, Referensi!$C$5:$F$11, 4, TRUE))) | G64: =IF(C64="","",G63-F64) | H64: =IF(C64="","", C64*G64) | I64: =IF(C64=0,"",AVERAGE(D64:E64)*H64) | J64: =I64*$J$6 -> 0 | K64: =I64*$J$5 -> 0 | M64: =L64*37% -> 0 | N64: =IF(J64=0,"", (K64+M64)/J64)
B65: 53 | D65: =IF(C65="", "", IF(VLOOKUP(C65, Referensi!$C$5:$E$11, 3, TRUE) > 1, VLOOKUP(C65, Referensi!$C$5:$E$11, 3, TRUE) / 100, VLOOKUP(C65, Referensi!$C$5:$E$11, 3, TRUE))) | E65: =IF(C65="", "", IF(VLOOKUP(C65, Referensi!$C$5:$F$11, 4, TRUE) > 1, VLOOKUP(C65, Referensi!$C$5:$F$11, 4, TRUE) / 100, VLOOKUP(C65, Referensi!$C$5:$F$11, 4, TRUE))) | G65: =IF(C65="","",G64-F65) | H65: =IF(C65="","", C65*G65) | I65: =IF(C65=0,"",AVERAGE(D65:E65)*H65) | J65: =I65*$J$6 -> 0 | K65: =I65*$J$5 -> 0 | M65: =L65*37% -> 0 | N65: =IF(J65=0,"", (K65+M65)/J65)
B66: 54 | D66: =IF(C66="", "", IF(VLOOKUP(C66, Referensi!$C$5:$E$11, 3, TRUE) > 1, VLOOKUP(C66, Referensi!$C$5:$E$11, 3, TRUE) / 100, VLOOKUP(C66, Referensi!$C$5:$E$11, 3, TRUE))) | E66: =IF(C66="", "", IF(VLOOKUP(C66, Referensi!$C$5:$F$11, 4, TRUE) > 1, VLOOKUP(C66, Referensi!$C$5:$F$11, 4, TRUE) / 100, VLOOKUP(C66, Referensi!$C$5:$F$11, 4, TRUE))) | G66: =IF(C66="","",G65-F66) | H66: =IF(C66="","", C66*G66) | I66: =IF(C66=0,"",AVERAGE(D66:E66)*H66) | J66: =I66*$J$6 -> 0 | K66: =I66*$J$5 -> 0 | M66: =L66*37% -> 0 | N66: =IF(J66=0,"", (K66+M66)/J66) | U66: Gostrong & Aquacell
B67: 55 | D67: =IF(C67="", "", IF(VLOOKUP(C67, Referensi!$C$5:$E$11, 3, TRUE) > 1, VLOOKUP(C67, Referensi!$C$5:$E$11, 3, TRUE) / 100, VLOOKUP(C67, Referensi!$C$5:$E$11, 3, TRUE))) | E67: =IF(C67="", "", IF(VLOOKUP(C67, Referensi!$C$5:$F$11, 4, TRUE) > 1, VLOOKUP(C67, Referensi!$C$5:$F$11, 4, TRUE) / 100, VLOOKUP(C67, Referensi!$C$5:$F$11, 4, TRUE))) | G67: =IF(C67="","",G66-F67) | H67: =IF(C67="","", C67*G67) | I67: =IF(C67=0,"",AVERAGE(D67:E67)*H67) | J67: =I67*$J$6 -> 0 | K67: =I67*$J$5 -> 0 | M67: =L67*37% -> 0 | N67: =IF(J67=0,"", (K67+M67)/J67)
B68: 56 | D68: =IF(C68="", "", IF(VLOOKUP(C68, Referensi!$C$5:$E$11, 3, TRUE) > 1, VLOOKUP(C68, Referensi!$C$5:$E$11, 3, TRUE) / 100, VLOOKUP(C68, Referensi!$C$5:$E$11, 3, TRUE))) | E68: =IF(C68="", "", IF(VLOOKUP(C68, Referensi!$C$5:$F$11, 4, TRUE) > 1, VLOOKUP(C68, Referensi!$C$5:$F$11, 4, TRUE) / 100, VLOOKUP(C68, Referensi!$C$5:$F$11, 4, TRUE))) | G68: =IF(C68="","",G67-F68) | H68: =IF(C68="","", C68*G68) | I68: =IF(C68=0,"",AVERAGE(D68:E68)*H68) | J68: =I68*$J$6 -> 0 | K68: =I68*$J$5 -> 0 | M68: =L68*37% -> 0 | N68: =IF(J68=0,"", (K68+M68)/J68)
B69: 57 | D69: =IF(C69="", "", IF(VLOOKUP(C69, Referensi!$C$5:$E$11, 3, TRUE) > 1, VLOOKUP(C69, Referensi!$C$5:$E$11, 3, TRUE) / 100, VLOOKUP(C69, Referensi!$C$5:$E$11, 3, TRUE))) | E69: =IF(C69="", "", IF(VLOOKUP(C69, Referensi!$C$5:$F$11, 4, TRUE) > 1, VLOOKUP(C69, Referensi!$C$5:$F$11, 4, TRUE) / 100, VLOOKUP(C69, Referensi!$C$5:$F$11, 4, TRUE))) | G69: =IF(C69="","",G68-F69) | H69: =IF(C69="","", C69*G69) | I69: =IF(C69=0,"",AVERAGE(D69:E69)*H69) | J69: =I69*$J$6 -> 0 | K69: =I69*$J$5 -> 0 | M69: =L69*37% -> 0 | N69: =IF(J69=0,"", (K69+M69)/J69) | U69: Gostrong & Aquacell
B70: 58 | D70: =IF(C70="", "", IF(VLOOKUP(C70, Referensi!$C$5:$E$11, 3, TRUE) > 1, VLOOKUP(C70, Referensi!$C$5:$E$11, 3, TRUE) / 100, VLOOKUP(C70, Referensi!$C$5:$E$11, 3, TRUE))) | E70: =IF(C70="", "", IF(VLOOKUP(C70, Referensi!$C$5:$F$11, 4, TRUE) > 1, VLOOKUP(C70, Referensi!$C$5:$F$11, 4, TRUE) / 100, VLOOKUP(C70, Referensi!$C$5:$F$11, 4, TRUE))) | G70: =IF(C70="","",G69-F70) | H70: =IF(C70="","", C70*G70) | I70: =IF(C70=0,"",AVERAGE(D70:E70)*H70) | J70: =I70*$J$6 -> 0 | K70: =I70*$J$5 -> 0 | M70: =L70*37% -> 0 | N70: =IF(J70=0,"", (K70+M70)/J70)
B71: 59 | D71: =IF(C71="", "", IF(VLOOKUP(C71, Referensi!$C$5:$E$11, 3, TRUE) > 1, VLOOKUP(C71, Referensi!$C$5:$E$11, 3, TRUE) / 100, VLOOKUP(C71, Referensi!$C$5:$E$11, 3, TRUE))) | E71: =IF(C71="", "", IF(VLOOKUP(C71, Referensi!$C$5:$F$11, 4, TRUE) > 1, VLOOKUP(C71, Referensi!$C$5:$F$11, 4, TRUE) / 100, VLOOKUP(C71, Referensi!$C$5:$F$11, 4, TRUE))) | G71: =IF(C71="","",G70-F71) | H71: =IF(C71="","", C71*G71) | I71: =IF(C71=0,"",AVERAGE(D71:E71)*H71) | J71: =I71*$J$6 -> 0 | K71: =I71*$J$5 -> 0 | M71: =L71*37% -> 0 | N71: =IF(J71=0,"", (K71+M71)/J71)
B72: 60 | D72: =IF(C72="", "", IF(VLOOKUP(C72, Referensi!$C$5:$E$11, 3, TRUE) > 1, VLOOKUP(C72, Referensi!$C$5:$E$11, 3, TRUE) / 100, VLOOKUP(C72, Referensi!$C$5:$E$11, 3, TRUE))) | E72: =IF(C72="", "", IF(VLOOKUP(C72, Referensi!$C$5:$F$11, 4, TRUE) > 1, VLOOKUP(C72, Referensi!$C$5:$F$11, 4, TRUE) / 100, VLOOKUP(C72, Referensi!$C$5:$F$11, 4, TRUE))) | G72: =IF(C72="","",G71-F72) | H72: =IF(C72="","", C72*G72) | I72: =IF(C72=0,"",AVERAGE(D72:E72)*H72) | J72: =I72*$J$6 -> 0 | K72: =I72*$J$5 -> 0 | M72: =L72*37% -> 0 | N72: =IF(J72=0,"", (K72+M72)/J72) | U72: Gostrong & Aquacell
B73: 61 | D73: =IF(C73="", "", IF(VLOOKUP(C73, Referensi!$C$5:$E$11, 3, TRUE) > 1, VLOOKUP(C73, Referensi!$C$5:$E$11, 3, TRUE) / 100, VLOOKUP(C73, Referensi!$C$5:$E$11, 3, TRUE))) | E73: =IF(C73="", "", IF(VLOOKUP(C73, Referensi!$C$5:$F$11, 4, TRUE) > 1, VLOOKUP(C73, Referensi!$C$5:$F$11, 4, TRUE) / 100, VLOOKUP(C73, Referensi!$C$5:$F$11, 4, TRUE))) | G73: =IF(C73="","",G72-F73) | H73: =IF(C73="","", C73*G73) | I73: =IF(C73=0,"",AVERAGE(D73:E73)*H73) | J73: =I73*$J$6 -> 0 | K73: =I73*$J$5 -> 0 | M73: =L73*37% -> 0 | N73: =IF(J73=0,"", (K73+M73)/J73)
B74: 62 | D74: =IF(C74="", "", IF(VLOOKUP(C74, Referensi!$C$5:$E$11, 3, TRUE) > 1, VLOOKUP(C74, Referensi!$C$5:$E$11, 3, TRUE) / 100, VLOOKUP(C74, Referensi!$C$5:$E$11, 3, TRUE))) | E74: =IF(C74="", "", IF(VLOOKUP(C74, Referensi!$C$5:$F$11, 4, TRUE) > 1, VLOOKUP(C74, Referensi!$C$5:$F$11, 4, TRUE) / 100, VLOOKUP(C74, Referensi!$C$5:$F$11, 4, TRUE))) | G74: =IF(C74="","",G73-F74) | H74: =IF(C74="","", C74*G74) | I74: =IF(C74=0,"",AVERAGE(D74:E74)*H74) | J74: =I74*$J$6 -> 0 | K74: =I74*$J$5 -> 0 | M74: =L74*37% -> 0 | N74: =IF(J74=0,"", (K74+M74)/J74)
B75: 63 | D75: =IF(C75="", "", IF(VLOOKUP(C75, Referensi!$C$5:$E$11, 3, TRUE) > 1, VLOOKUP(C75, Referensi!$C$5:$E$11, 3, TRUE) / 100, VLOOKUP(C75, Referensi!$C$5:$E$11, 3, TRUE))) | E75: =IF(C75="", "", IF(VLOOKUP(C75, Referensi!$C$5:$F$11, 4, TRUE) > 1, VLOOKUP(C75, Referensi!$C$5:$F$11, 4, TRUE) / 100, VLOOKUP(C75, Referensi!$C$5:$F$11, 4, TRUE))) | G75: =IF(C75="","",G74-F75) | H75: =IF(C75="","", C75*G75) | I75: =IF(C75=0,"",AVERAGE(D75:E75)*H75) | J75: =I75*$J$6 -> 0 | K75: =I75*$J$5 -> 0 | M75: =L75*37% -> 0 | N75: =IF(J75=0,"", (K75+M75)/J75) | U75: Gostrong & Aquacell
B76: 64 | D76: =IF(C76="", "", IF(VLOOKUP(C76, Referensi!$C$5:$E$11, 3, TRUE) > 1, VLOOKUP(C76, Referensi!$C$5:$E$11, 3, TRUE) / 100, VLOOKUP(C76, Referensi!$C$5:$E$11, 3, TRUE))) | E76: =IF(C76="", "", IF(VLOOKUP(C76, Referensi!$C$5:$F$11, 4, TRUE) > 1, VLOOKUP(C76, Referensi!$C$5:$F$11, 4, TRUE) / 100, VLOOKUP(C76, Referensi!$C$5:$F$11, 4, TRUE))) | G76: =IF(C76="","",G75-F76) | H76: =IF(C76="","", C76*G76) | I76: =IF(C76=0,"",AVERAGE(D76:E76)*H76) | J76: =I76*$J$6 -> 0 | K76: =I76*$J$5 -> 0 | M76: =L76*37% -> 0 | N76: =IF(J76=0,"", (K76+M76)/J76)
B77: 65 | D77: =IF(C77="", "", IF(VLOOKUP(C77, Referensi!$C$5:$E$11, 3, TRUE) > 1, VLOOKUP(C77, Referensi!$C$5:$E$11, 3, TRUE) / 100, VLOOKUP(C77, Referensi!$C$5:$E$11, 3, TRUE))) | E77: =IF(C77="", "", IF(VLOOKUP(C77, Referensi!$C$5:$F$11, 4, TRUE) > 1, VLOOKUP(C77, Referensi!$C$5:$F$11, 4, TRUE) / 100, VLOOKUP(C77, Referensi!$C$5:$F$11, 4, TRUE))) | G77: =IF(C77="","",G76-F77) | H77: =IF(C77="","", C77*G77) | I77: =IF(C77=0,"",AVERAGE(D77:E77)*H77) | J77: =I77*$J$6 -> 0 | K77: =I77*$J$5 -> 0 | M77: =L77*37% -> 0 | N77: =IF(J77=0,"", (K77+M77)/J77)
B78: 66 | D78: =IF(C78="", "", IF(VLOOKUP(C78, Referensi!$C$5:$E$11, 3, TRUE) > 1, VLOOKUP(C78, Referensi!$C$5:$E$11, 3, TRUE) / 100, VLOOKUP(C78, Referensi!$C$5:$E$11, 3, TRUE))) | E78: =IF(C78="", "", IF(VLOOKUP(C78, Referensi!$C$5:$F$11, 4, TRUE) > 1, VLOOKUP(C78, Referensi!$C$5:$F$11, 4, TRUE) / 100, VLOOKUP(C78, Referensi!$C$5:$F$11, 4, TRUE))) | G78: =IF(C78="","",G77-F78) | H78: =IF(C78="","", C78*G78) | I78: =IF(C78=0,"",AVERAGE(D78:E78)*H78) | J78: =I78*$J$6 -> 0 | K78: =I78*$J$5 -> 0 | M78: =L78*37% -> 0 | N78: =IF(J78=0,"", (K78+M78)/J78) | U78: Gostrong & Aquacell
B79: 67 | D79: =IF(C79="", "", IF(VLOOKUP(C79, Referensi!$C$5:$E$11, 3, TRUE) > 1, VLOOKUP(C79, Referensi!$C$5:$E$11, 3, TRUE) / 100, VLOOKUP(C79, Referensi!$C$5:$E$11, 3, TRUE))) | E79: =IF(C79="", "", IF(VLOOKUP(C79, Referensi!$C$5:$F$11, 4, TRUE) > 1, VLOOKUP(C79, Referensi!$C$5:$F$11, 4, TRUE) / 100, VLOOKUP(C79, Referensi!$C$5:$F$11, 4, TRUE))) | G79: =IF(C79="","",G78-F79) | H79: =IF(C79="","", C79*G79) | I79: =IF(C79=0,"",AVERAGE(D79:E79)*H79) | J79: =I79*$J$6 -> 0 | K79: =I79*$J$5 -> 0 | M79: =L79*37% -> 0 | N79: =IF(J79=0,"", (K79+M79)/J79)
B80: 68 | D80: =IF(C80="", "", IF(VLOOKUP(C80, Referensi!$C$5:$E$11, 3, TRUE) > 1, VLOOKUP(C80, Referensi!$C$5:$E$11, 3, TRUE) / 100, VLOOKUP(C80, Referensi!$C$5:$E$11, 3, TRUE))) | E80: =IF(C80="", "", IF(VLOOKUP(C80, Referensi!$C$5:$F$11, 4, TRUE) > 1, VLOOKUP(C80, Referensi!$C$5:$F$11, 4, TRUE) / 100, VLOOKUP(C80, Referensi!$C$5:$F$11, 4, TRUE))) | G80: =IF(C80="","",G79-F80) | H80: =IF(C80="","", C80*G80) | I80: =IF(C80=0,"",AVERAGE(D80:E80)*H80) | J80: =I80*$J$6 -> 0 | K80: =I80*$J$5 -> 0 | M80: =L80*37% -> 0 | N80: =IF(J80=0,"", (K80+M80)/J80)
B81: 69 | D81: =IF(C81="", "", IF(VLOOKUP(C81, Referensi!$C$5:$E$11, 3, TRUE) > 1, VLOOKUP(C81, Referensi!$C$5:$E$11, 3, TRUE) / 100, VLOOKUP(C81, Referensi!$C$5:$E$11, 3, TRUE))) | E81: =IF(C81="", "", IF(VLOOKUP(C81, Referensi!$C$5:$F$11, 4, TRUE) > 1, VLOOKUP(C81, Referensi!$C$5:$F$11, 4, TRUE) / 100, VLOOKUP(C81, Referensi!$C$5:$F$11, 4, TRUE))) | G81: =IF(C81="","",G80-F81) | H81: =IF(C81="","", C81*G81) | I81: =IF(C81=0,"",AVERAGE(D81:E81)*H81) | J81: =I81*$J$6 -> 0 | K81: =I81*$J$5 -> 0 | M81: =L81*37% -> 0 | N81: =IF(J81=0,"", (K81+M81)/J81) | U81: Gostrong & Aquacell
B82: 70 | D82: =IF(C82="", "", IF(VLOOKUP(C82, Referensi!$C$5:$E$11, 3, TRUE) > 1, VLOOKUP(C82, Referensi!$C$5:$E$11, 3, TRUE) / 100, VLOOKUP(C82, Referensi!$C$5:$E$11, 3, TRUE))) | E82: =IF(C82="", "", IF(VLOOKUP(C82, Referensi!$C$5:$F$11, 4, TRUE) > 1, VLOOKUP(C82, Referensi!$C$5:$F$11, 4, TRUE) / 100, VLOOKUP(C82, Referensi!$C$5:$F$11, 4, TRUE))) | G82: =IF(C82="","",G81-F82) | H82: =IF(C82="","", C82*G82) | I82: =IF(C82=0,"",AVERAGE(D82:E82)*H82) | J82: =I82*$J$6 -> 0 | K82: =I82*$J$5 -> 0 | M82: =L82*37% -> 0 | N82: =IF(J82=0,"", (K82+M82)/J82)
B83: 71 | D83: =IF(C83="", "", IF(VLOOKUP(C83, Referensi!$C$5:$E$11, 3, TRUE) > 1, VLOOKUP(C83, Referensi!$C$5:$E$11, 3, TRUE) / 100, VLOOKUP(C83, Referensi!$C$5:$E$11, 3, TRUE))) | E83: =IF(C83="", "", IF(VLOOKUP(C83, Referensi!$C$5:$F$11, 4, TRUE) > 1, VLOOKUP(C83, Referensi!$C$5:$F$11, 4, TRUE) / 100, VLOOKUP(C83, Referensi!$C$5:$F$11, 4, TRUE))) | G83: =IF(C83="","",G82-F83) | H83: =IF(C83="","", C83*G83) | I83: =IF(C83=0,"",AVERAGE(D83:E83)*H83) | J83: =I83*$J$6 -> 0 | K83: =I83*$J$5 -> 0 | M83: =L83*37% -> 0 | N83: =IF(J83=0,"", (K83+M83)/J83)
B84: 72 | D84: =IF(C84="", "", IF(VLOOKUP(C84, Referensi!$C$5:$E$11, 3, TRUE) > 1, VLOOKUP(C84, Referensi!$C$5:$E$11, 3, TRUE) / 100, VLOOKUP(C84, Referensi!$C$5:$E$11, 3, TRUE))) | E84: =IF(C84="", "", IF(VLOOKUP(C84, Referensi!$C$5:$F$11, 4, TRUE) > 1, VLOOKUP(C84, Referensi!$C$5:$F$11, 4, TRUE) / 100, VLOOKUP(C84, Referensi!$C$5:$F$11, 4, TRUE))) | G84: =IF(C84="","",G83-F84) | H84: =IF(C84="","", C84*G84) | I84: =IF(C84=0,"",AVERAGE(D84:E84)*H84) | J84: =I84*$J$6 -> 0 | K84: =I84*$J$5 -> 0 | M84: =L84*37% -> 0 | N84: =IF(J84=0,"", (K84+M84)/J84) | U84: Gostrong & Aquacell
B85: 73 | D85: =IF(C85="", "", IF(VLOOKUP(C85, Referensi!$C$5:$E$11, 3, TRUE) > 1, VLOOKUP(C85, Referensi!$C$5:$E$11, 3, TRUE) / 100, VLOOKUP(C85, Referensi!$C$5:$E$11, 3, TRUE))) | E85: =IF(C85="", "", IF(VLOOKUP(C85, Referensi!$C$5:$F$11, 4, TRUE) > 1, VLOOKUP(C85, Referensi!$C$5:$F$11, 4, TRUE) / 100, VLOOKUP(C85, Referensi!$C$5:$F$11, 4, TRUE))) | G85: =IF(C85="","",G84-F85) | H85: =IF(C85="","", C85*G85) | I85: =IF(C85=0,"",AVERAGE(D85:E85)*H85) | J85: =I85*$J$6 -> 0 | K85: =I85*$J$5 -> 0 | M85: =L85*37% -> 0 | N85: =IF(J85=0,"", (K85+M85)/J85)
B86: 74 | D86: =IF(C86="", "", IF(VLOOKUP(C86, Referensi!$C$5:$E$11, 3, TRUE) > 1, VLOOKUP(C86, Referensi!$C$5:$E$11, 3, TRUE) / 100, VLOOKUP(C86, Referensi!$C$5:$E$11, 3, TRUE))) | E86: =IF(C86="", "", IF(VLOOKUP(C86, Referensi!$C$5:$F$11, 4, TRUE) > 1, VLOOKUP(C86, Referensi!$C$5:$F$11, 4, TRUE) / 100, VLOOKUP(C86, Referensi!$C$5:$F$11, 4, TRUE))) | G86: =IF(C86="","",G85-F86) | H86: =IF(C86="","", C86*G86) | I86: =IF(C86=0,"",AVERAGE(D86:E86)*H86) | J86: =I86*$J$6 -> 0 | K86: =I86*$J$5 -> 0 | M86: =L86*37% -> 0 | N86: =IF(J86=0,"", (K86+M86)/J86)
B87: 75 | D87: =IF(C87="", "", IF(VLOOKUP(C87, Referensi!$C$5:$E$11, 3, TRUE) > 1, VLOOKUP(C87, Referensi!$C$5:$E$11, 3, TRUE) / 100, VLOOKUP(C87, Referensi!$C$5:$E$11, 3, TRUE))) | E87: =IF(C87="", "", IF(VLOOKUP(C87, Referensi!$C$5:$F$11, 4, TRUE) > 1, VLOOKUP(C87, Referensi!$C$5:$F$11, 4, TRUE) / 100, VLOOKUP(C87, Referensi!$C$5:$F$11, 4, TRUE))) | G87: =IF(C87="","",G86-F87) | H87: =IF(C87="","", C87*G87) | I87: =IF(C87=0,"",AVERAGE(D87:E87)*H87) | J87: =I87*$J$6 -> 0 | K87: =I87*$J$5 -> 0 | M87: =L87*37% -> 0 | N87: =IF(J87=0,"", (K87+M87)/J87) | U87: Gostrong & Aquacell
B88: 76 | D88: =IF(C88="", "", IF(VLOOKUP(C88, Referensi!$C$5:$E$11, 3, TRUE) > 1, VLOOKUP(C88, Referensi!$C$5:$E$11, 3, TRUE) / 100, VLOOKUP(C88, Referensi!$C$5:$E$11, 3, TRUE))) | E88: =IF(C88="", "", IF(VLOOKUP(C88, Referensi!$C$5:$F$11, 4, TRUE) > 1, VLOOKUP(C88, Referensi!$C$5:$F$11, 4, TRUE) / 100, VLOOKUP(C88, Referensi!$C$5:$F$11, 4, TRUE))) | G88: =IF(C88="","",G87-F88) | H88: =IF(C88="","", C88*G88) | I88: =IF(C88=0,"",AVERAGE(D88:E88)*H88) | J88: =I88*$J$6 -> 0 | K88: =I88*$J$5 -> 0 | M88: =L88*37% -> 0 | N88: =IF(J88=0,"", (K88+M88)/J88)
B89: 77 | D89: =IF(C89="", "", IF(VLOOKUP(C89, Referensi!$C$5:$E$11, 3, TRUE) > 1, VLOOKUP(C89, Referensi!$C$5:$E$11, 3, TRUE) / 100, VLOOKUP(C89, Referensi!$C$5:$E$11, 3, TRUE))) | E89: =IF(C89="", "", IF(VLOOKUP(C89, Referensi!$C$5:$F$11, 4, TRUE) > 1, VLOOKUP(C89, Referensi!$C$5:$F$11, 4, TRUE) / 100, VLOOKUP(C89, Referensi!$C$5:$F$11, 4, TRUE))) | G89: =IF(C89="","",G88-F89) | H89: =IF(C89="","", C89*G89) | I89: =IF(C89=0,"",AVERAGE(D89:E89)*H89) | J89: =I89*$J$6 -> 0 | K89: =I89*$J$5 -> 0 | M89: =L89*37% -> 0 | N89: =IF(J89=0,"", (K89+M89)/J89)
B90: 78 | D90: =IF(C90="", "", IF(VLOOKUP(C90, Referensi!$C$5:$E$11, 3, TRUE) > 1, VLOOKUP(C90, Referensi!$C$5:$E$11, 3, TRUE) / 100, VLOOKUP(C90, Referensi!$C$5:$E$11, 3, TRUE))) | E90: =IF(C90="", "", IF(VLOOKUP(C90, Referensi!$C$5:$F$11, 4, TRUE) > 1, VLOOKUP(C90, Referensi!$C$5:$F$11, 4, TRUE) / 100, VLOOKUP(C90, Referensi!$C$5:$F$11, 4, TRUE))) | G90: =IF(C90="","",G89-F90) | H90: =IF(C90="","", C90*G90) | I90: =IF(C90=0,"",AVERAGE(D90:E90)*H90) | J90: =I90*$J$6 -> 0 | K90: =I90*$J$5 -> 0 | M90: =L90*37% -> 0 | N90: =IF(J90=0,"", (K90+M90)/J90) | U90: Gostrong & Aquacell
B91: 79 | D91: =IF(C91="", "", IF(VLOOKUP(C91, Referensi!$C$5:$E$11, 3, TRUE) > 1, VLOOKUP(C91, Referensi!$C$5:$E$11, 3, TRUE) / 100, VLOOKUP(C91, Referensi!$C$5:$E$11, 3, TRUE))) | E91: =IF(C91="", "", IF(VLOOKUP(C91, Referensi!$C$5:$F$11, 4, TRUE) > 1, VLOOKUP(C91, Referensi!$C$5:$F$11, 4, TRUE) / 100, VLOOKUP(C91, Referensi!$C$5:$F$11, 4, TRUE))) | G91: =IF(C91="","",G90-F91) | H91: =IF(C91="","", C91*G91) | I91: =IF(C91=0,"",AVERAGE(D91:E91)*H91) | J91: =I91*$J$6 -> 0 | K91: =I91*$J$5 -> 0 | M91: =L91*37% -> 0 | N91: =IF(J91=0,"", (K91+M91)/J91)
B92: 80 | D92: =IF(C92="", "", IF(VLOOKUP(C92, Referensi!$C$5:$E$11, 3, TRUE) > 1, VLOOKUP(C92, Referensi!$C$5:$E$11, 3, TRUE) / 100, VLOOKUP(C92, Referensi!$C$5:$E$11, 3, TRUE))) | E92: =IF(C92="", "", IF(VLOOKUP(C92, Referensi!$C$5:$F$11, 4, TRUE) > 1, VLOOKUP(C92, Referensi!$C$5:$F$11, 4, TRUE) / 100, VLOOKUP(C92, Referensi!$C$5:$F$11, 4, TRUE))) | G92: =IF(C92="","",G91-F92) | H92: =IF(C92="","", C92*G92) | I92: =IF(C92=0,"",AVERAGE(D92:E92)*H92) | J92: =I92*$J$6 -> 0 | K92: =I92*$J$5 -> 0 | M92: =L92*37% -> 0 | N92: =IF(J92=0,"", (K92+M92)/J92)
B93: 81 | D93: =IF(C93="", "", IF(VLOOKUP(C93, Referensi!$C$5:$E$11, 3, TRUE) > 1, VLOOKUP(C93, Referensi!$C$5:$E$11, 3, TRUE) / 100, VLOOKUP(C93, Referensi!$C$5:$E$11, 3, TRUE))) | E93: =IF(C93="", "", IF(VLOOKUP(C93, Referensi!$C$5:$F$11, 4, TRUE) > 1, VLOOKUP(C93, Referensi!$C$5:$F$11, 4, TRUE) / 100, VLOOKUP(C93, Referensi!$C$5:$F$11, 4, TRUE))) | G93: =IF(C93="","",G92-F93) | H93: =IF(C93="","", C93*G93) | I93: =IF(C93=0,"",AVERAGE(D93:E93)*H93) | J93: =I93*$J$6 -> 0 | K93: =I93*$J$5 -> 0 | M93: =L93*37% -> 0 | N93: =IF(J93=0,"", (K93+M93)/J93) | U93: Gostrong & Aquacell
B94: 82 | D94: =IF(C94="", "", IF(VLOOKUP(C94, Referensi!$C$5:$E$11, 3, TRUE) > 1, VLOOKUP(C94, Referensi!$C$5:$E$11, 3, TRUE) / 100, VLOOKUP(C94, Referensi!$C$5:$E$11, 3, TRUE))) | E94: =IF(C94="", "", IF(VLOOKUP(C94, Referensi!$C$5:$F$11, 4, TRUE) > 1, VLOOKUP(C94, Referensi!$C$5:$F$11, 4, TRUE) / 100, VLOOKUP(C94, Referensi!$C$5:$F$11, 4, TRUE))) | G94: =IF(C94="","",G93-F94) | H94: =IF(C94="","", C94*G94) | I94: =IF(C94=0,"",AVERAGE(D94:E94)*H94) | J94: =I94*$J$6 -> 0 | K94: =I94*$J$5 -> 0 | M94: =L94*37% -> 0 | N94: =IF(J94=0,"", (K94+M94)/J94)
B95: 83 | D95: =IF(C95="", "", IF(VLOOKUP(C95, Referensi!$C$5:$E$11, 3, TRUE) > 1, VLOOKUP(C95, Referensi!$C$5:$E$11, 3, TRUE) / 100, VLOOKUP(C95, Referensi!$C$5:$E$11, 3, TRUE))) | E95: =IF(C95="", "", IF(VLOOKUP(C95, Referensi!$C$5:$F$11, 4, TRUE) > 1, VLOOKUP(C95, Referensi!$C$5:$F$11, 4, TRUE) / 100, VLOOKUP(C95, Referensi!$C$5:$F$11, 4, TRUE))) | G95: =IF(C95="","",G94-F95) | H95: =IF(C95="","", C95*G95) | I95: =IF(C95=0,"",AVERAGE(D95:E95)*H95) | J95: =I95*$J$6 -> 0 | K95: =I95*$J$5 -> 0 | M95: =L95*37% -> 0 | N95: =IF(J95=0,"", (K95+M95)/J95)
B96: 84 | D96: =IF(C96="", "", IF(VLOOKUP(C96, Referensi!$C$5:$E$11, 3, TRUE) > 1, VLOOKUP(C96, Referensi!$C$5:$E$11, 3, TRUE) / 100, VLOOKUP(C96, Referensi!$C$5:$E$11, 3, TRUE))) | E96: =IF(C96="", "", IF(VLOOKUP(C96, Referensi!$C$5:$F$11, 4, TRUE) > 1, VLOOKUP(C96, Referensi!$C$5:$F$11, 4, TRUE) / 100, VLOOKUP(C96, Referensi!$C$5:$F$11, 4, TRUE))) | G96: =IF(C96="","",G95-F96) | H96: =IF(C96="","", C96*G96) | I96: =IF(C96=0,"",AVERAGE(D96:E96)*H96) | J96: =I96*$J$6 -> 0 | K96: =I96*$J$5 -> 0 | M96: =L96*37% -> 0 | N96: =IF(J96=0,"", (K96+M96)/J96) | U96: Gostrong & Aquacell
B97: 85 | D97: =IF(C97="", "", IF(VLOOKUP(C97, Referensi!$C$5:$E$11, 3, TRUE) > 1, VLOOKUP(C97, Referensi!$C$5:$E$11, 3, TRUE) / 100, VLOOKUP(C97, Referensi!$C$5:$E$11, 3, TRUE))) | E97: =IF(C97="", "", IF(VLOOKUP(C97, Referensi!$C$5:$F$11, 4, TRUE) > 1, VLOOKUP(C97, Referensi!$C$5:$F$11, 4, TRUE) / 100, VLOOKUP(C97, Referensi!$C$5:$F$11, 4, TRUE))) | G97: =IF(C97="","",G96-F97) | H97: =IF(C97="","", C97*G97) | I97: =IF(C97=0,"",AVERAGE(D97:E97)*H97) | J97: =I97*$J$6 -> 0 | K97: =I97*$J$5 -> 0 | M97: =L97*37% -> 0 | N97: =IF(J97=0,"", (K97+M97)/J97)
B98: 86 | D98: =IF(C98="", "", IF(VLOOKUP(C98, Referensi!$C$5:$E$11, 3, TRUE) > 1, VLOOKUP(C98, Referensi!$C$5:$E$11, 3, TRUE) / 100, VLOOKUP(C98, Referensi!$C$5:$E$11, 3, TRUE))) | E98: =IF(C98="", "", IF(VLOOKUP(C98, Referensi!$C$5:$F$11, 4, TRUE) > 1, VLOOKUP(C98, Referensi!$C$5:$F$11, 4, TRUE) / 100, VLOOKUP(C98, Referensi!$C$5:$F$11, 4, TRUE))) | G98: =IF(C98="","",G97-F98) | H98: =IF(C98="","", C98*G98) | I98: =IF(C98=0,"",AVERAGE(D98:E98)*H98) | J98: =I98*$J$6 -> 0 | K98: =I98*$J$5 -> 0 | M98: =L98*37% -> 0 | N98: =IF(J98=0,"", (K98+M98)/J98)
B99: 87 | D99: =IF(C99="", "", IF(VLOOKUP(C99, Referensi!$C$5:$E$11, 3, TRUE) > 1, VLOOKUP(C99, Referensi!$C$5:$E$11, 3, TRUE) / 100, VLOOKUP(C99, Referensi!$C$5:$E$11, 3, TRUE))) | E99: =IF(C99="", "", IF(VLOOKUP(C99, Referensi!$C$5:$F$11, 4, TRUE) > 1, VLOOKUP(C99, Referensi!$C$5:$F$11, 4, TRUE) / 100, VLOOKUP(C99, Referensi!$C$5:$F$11, 4, TRUE))) | G99: =IF(C99="","",G98-F99) | H99: =IF(C99="","", C99*G99) | I99: =IF(C99=0,"",AVERAGE(D99:E99)*H99) | J99: =I99*$J$6 -> 0 | K99: =I99*$J$5 -> 0 | M99: =L99*37% -> 0 | N99: =IF(J99=0,"", (K99+M99)/J99) | U99: Gostrong & Aquacell
B100: 88 | D100: =IF(C100="", "", IF(VLOOKUP(C100, Referensi!$C$5:$E$11, 3, TRUE) > 1, VLOOKUP(C100, Referensi!$C$5:$E$11, 3, TRUE) / 100, VLOOKUP(C100, Referensi!$C$5:$E$11, 3, TRUE))) | E100: =IF(C100="", "", IF(VLOOKUP(C100, Referensi!$C$5:$F$11, 4, TRUE) > 1, VLOOKUP(C100, Referensi!$C$5:$F$11, 4, TRUE) / 100, VLOOKUP(C100, Referensi!$C$5:$F$11, 4, TRUE))) | G100: =IF(C100="","",G99-F100) | H100: =IF(C100="","", C100*G100) | I100: =IF(C100=0,"",AVERAGE(D100:E100)*H100) | J100: =I100*$J$6 -> 0 | K100: =I100*$J$5 -> 0 | M100: =L100*37% -> 0 | N100: =IF(J100=0,"", (K100+M100)/J100)
B101: 89 | D101: =IF(C101="", "", IF(VLOOKUP(C101, Referensi!$C$5:$E$11, 3, TRUE) > 1, VLOOKUP(C101, Referensi!$C$5:$E$11, 3, TRUE) / 100, VLOOKUP(C101, Referensi!$C$5:$E$11, 3, TRUE))) | E101: =IF(C101="", "", IF(VLOOKUP(C101, Referensi!$C$5:$F$11, 4, TRUE) > 1, VLOOKUP(C101, Referensi!$C$5:$F$11, 4, TRUE) / 100, VLOOKUP(C101, Referensi!$C$5:$F$11, 4, TRUE))) | G101: =IF(C101="","",G100-F101) | H101: =IF(C101="","", C101*G101) | I101: =IF(C101=0,"",AVERAGE(D101:E101)*H101) | J101: =I101*$J$6 -> 0 | K101: =I101*$J$5 -> 0 | M101: =L101*37% -> 0 | N101: =IF(J101=0,"", (K101+M101)/J101)
B102: 90 | D102: =IF(C102="", "", IF(VLOOKUP(C102, Referensi!$C$5:$E$11, 3, TRUE) > 1, VLOOKUP(C102, Referensi!$C$5:$E$11, 3, TRUE) / 100, VLOOKUP(C102, Referensi!$C$5:$E$11, 3, TRUE))) | E102: =IF(C102="", "", IF(VLOOKUP(C102, Referensi!$C$5:$F$11, 4, TRUE) > 1, VLOOKUP(C102, Referensi!$C$5:$F$11, 4, TRUE) / 100, VLOOKUP(C102, Referensi!$C$5:$F$11, 4, TRUE))) | G102: =IF(C102="","",G101-F102) | H102: =IF(C102="","", C102*G102) | I102: =IF(C102=0,"",AVERAGE(D102:E102)*H102) | J102: =I102*$J$6 -> 0 | K102: =I102*$J$5 -> 0 | M102: =L102*37% -> 0 | N102: =IF(J102=0,"", (K102+M102)/J102) | U102: Gostrong & Aquacell
B103: 91 | D103: =IF(C103="", "", IF(VLOOKUP(C103, Referensi!$C$5:$E$11, 3, TRUE) > 1, VLOOKUP(C103, Referensi!$C$5:$E$11, 3, TRUE) / 100, VLOOKUP(C103, Referensi!$C$5:$E$11, 3, TRUE))) | E103: =IF(C103="", "", IF(VLOOKUP(C103, Referensi!$C$5:$F$11, 4, TRUE) > 1, VLOOKUP(C103, Referensi!$C$5:$F$11, 4, TRUE) / 100, VLOOKUP(C103, Referensi!$C$5:$F$11, 4, TRUE))) | G103: =IF(C103="","",G102-F103) | H103: =IF(C103="","", C103*G103) | I103: =IF(C103=0,"",AVERAGE(D103:E103)*H103) | J103: =I103*$J$6 -> 0 | K103: =I103*$J$5 -> 0 | M103: =L103*37% -> 0 | N103: =IF(J103=0,"", (K103+M103)/J103)
B104: 92 | D104: =IF(C104="", "", IF(VLOOKUP(C104, Referensi!$C$5:$E$11, 3, TRUE) > 1, VLOOKUP(C104, Referensi!$C$5:$E$11, 3, TRUE) / 100, VLOOKUP(C104, Referensi!$C$5:$E$11, 3, TRUE))) | E104: =IF(C104="", "", IF(VLOOKUP(C104, Referensi!$C$5:$F$11, 4, TRUE) > 1, VLOOKUP(C104, Referensi!$C$5:$F$11, 4, TRUE) / 100, VLOOKUP(C104, Referensi!$C$5:$F$11, 4, TRUE))) | G104: =IF(C104="","",G103-F104) | H104: =IF(C104="","", C104*G104) | I104: =IF(C104=0,"",AVERAGE(D104:E104)*H104) | J104: =I104*$J$6 -> 0 | K104: =I104*$J$5 -> 0 | M104: =L104*37% -> 0 | N104: =IF(J104=0,"", (K104+M104)/J104)
...

Sheet Kolam B3
B2: PENCATATAN KOLAM B3 | F2: Tanggal Tebar | G2: 46290 | I2: Asal Bibit | J2: Kang Ipey - Subang | M2: Pakan | N2: 781
B4: Jumlah Bibit | D4: 1225 | F4: Biomasa Awal | G4: =C13*D4 -> 8575 | I4: Protein | J4: 0.32 | M4: Puasa | N4: 5:1
B5: Total Kematian | D5: =SUM(F13:F164) -> 91 | F5: Total Pakan | G5: =SUM(I13:I164) -> 2525.965 | I5: Carbon | J5: 0.35
B6: Populasi Saat Ini | D6: =D4-D5 -> 1134 | F6: Total Biomasa | G6: =IFERROR(__xludf.DUMMYFUNCTION("IFERROR(CHOOSEROWS(FILTER(H13:H161, LEN(H13:H161) > 0, H13:H161 <> 0), -1), ""Data Masih Kosong"")"),6822.0) -> 6822 | I6: Nitrogen | J6: 0.05
B7: Survival Rate (SR) | D7: =D6/D4 -> 0.92571429 | F7: FCR | G7: =IFERROR(G5/(G6-G4),0) -> -1.4409384
B8: Volume Kolam (M3) | D8: 7 | F8: Feeding Rate | G8: =IF(G6=0,"",J8*G6) -> 341.1 | I8: FR | J8: =IFERROR(__xludf.DUMMYFUNCTION("IFERROR(CHOOSEROWS(FILTER(D13:D161, LEN(D13:D161) > 0, D13:D161 <> 0), -1), 0)"),0.05) -> 0.05
B10: DOC | C10: Berat Rata-Rata (gr) | D10: FR (%) | F10: Kematian | G10: Populasi | H10: Biomassa (gr) | I10: Feeding Rate (gr) | J10: Pakan | L10: Molase | N10: CN Ratio | O10: Intensitas Flok | P10: PH | Q10: TDS | R10: DO | S10: Temp | T10: Actual Pakan | U10: Additional Treatment
D11: Min | E11: Max | J11: N | K11: C | L11: Berat (gr) | M11: C
A13: 46290 | B13: 1 | C13: 7 | D13: =IF(C13="", "", IF(VLOOKUP(C13, Referensi!$C$5:$E$11, 3, TRUE) > 1, VLOOKUP(C13, Referensi!$C$5:$E$11, 3, TRUE) / 100, VLOOKUP(C13, Referensi!$C$5:$E$11, 3, TRUE))) -> 0.05 | E13: =IF(C13="", "", IF(VLOOKUP(C13, Referensi!$C$5:$F$11, 4, TRUE) > 1, VLOOKUP(C13, Referensi!$C$5:$F$11, 4, TRUE) / 100, VLOOKUP(C13, Referensi!$C$5:$F$11, 4, TRUE))) -> 0.08 | F13: 0 | G13: =$D$4-F13 -> 1225 | H13: =C13*G13 -> 8575 | I13: 0 | J13: =I13*$J$6 -> 0 | K13: =I13*$J$5 -> 0 | L13: 0 | M13: =L13*37% -> 0 | N13: =IF(J13=0,"", (K13+M13)/J13)
A14: 46291 | B14: 2 | C14: 7 | D14: =IF(C14="", "", IF(VLOOKUP(C14, Referensi!$C$5:$E$11, 3, TRUE) > 1, VLOOKUP(C14, Referensi!$C$5:$E$11, 3, TRUE) / 100, VLOOKUP(C14, Referensi!$C$5:$E$11, 3, TRUE))) -> 0.05 | E14: =IF(C14="", "", IF(VLOOKUP(C14, Referensi!$C$5:$F$11, 4, TRUE) > 1, VLOOKUP(C14, Referensi!$C$5:$F$11, 4, TRUE) / 100, VLOOKUP(C14, Referensi!$C$5:$F$11, 4, TRUE))) -> 0.08 | F14: 11 | G14: =IF(C14="","",G13-F14) -> 1214 | H14: =IF(C14="","", C14*G14) -> 8498 | I14: 0 | J14: =I14*$J$6 -> 0 | K14: =I14*$J$5 -> 0 | M14: =L14*37% -> 0 | N14: =IF(J14=0,"", (K14+M14)/J14) | P14: 8.77 | R14: 5.9 | S14: 31.1
A15: 46292 | B15: 3 | C15: 7 | D15: =IF(C15="", "", IF(VLOOKUP(C15, Referensi!$C$5:$E$11, 3, TRUE) > 1, VLOOKUP(C15, Referensi!$C$5:$E$11, 3, TRUE) / 100, VLOOKUP(C15, Referensi!$C$5:$E$11, 3, TRUE))) -> 0.05 | E15: =IF(C15="", "", IF(VLOOKUP(C15, Referensi!$C$5:$F$11, 4, TRUE) > 1, VLOOKUP(C15, Referensi!$C$5:$F$11, 4, TRUE) / 100, VLOOKUP(C15, Referensi!$C$5:$F$11, 4, TRUE))) -> 0.08 | F15: 3 | G15: =IF(C15="","",G14-F15) -> 1211 | H15: =IF(C15="","", C15*G15) -> 8477 | I15: =IF(C15=0,"",AVERAGE(D15:E15)*H15) -> 551.005 | J15: =I15*$J$6 -> 27.55025 | K15: =I15*$J$5 -> 192.85175 | M15: =L15*37% -> 0 | N15: =IF(J15=0,"", (K15+M15)/J15) -> 7
A16: 46293 | B16: 4 | C16: 7 | D16: =IF(C16="", "", IF(VLOOKUP(C16, Referensi!$C$5:$E$11, 3, TRUE) > 1, VLOOKUP(C16, Referensi!$C$5:$E$11, 3, TRUE) / 100, VLOOKUP(C16, Referensi!$C$5:$E$11, 3, TRUE))) -> 0.05 | E16: =IF(C16="", "", IF(VLOOKUP(C16, Referensi!$C$5:$F$11, 4, TRUE) > 1, VLOOKUP(C16, Referensi!$C$5:$F$11, 4, TRUE) / 100, VLOOKUP(C16, Referensi!$C$5:$F$11, 4, TRUE))) -> 0.08 | F16: 12 | G16: =IF(C16="","",G15-F16) -> 1199 | H16: =IF(C16="","", C16*G16) -> 8393 | I16: =IF(C16=0,"",AVERAGE(D16:E16)*H16) -> 545.545 | J16: =I16*$J$6 -> 27.27725 | K16: =I16*$J$5 -> 190.94075 | M16: =L16*37% -> 0 | N16: =IF(J16=0,"", (K16+M16)/J16) -> 7
A17: 46294 | B17: 5 | C17: 7 | D17: =IF(C17="", "", IF(VLOOKUP(C17, Referensi!$C$5:$E$11, 3, TRUE) > 1, VLOOKUP(C17, Referensi!$C$5:$E$11, 3, TRUE) / 100, VLOOKUP(C17, Referensi!$C$5:$E$11, 3, TRUE))) -> 0.05 | E17: =IF(C17="", "", IF(VLOOKUP(C17, Referensi!$C$5:$F$11, 4, TRUE) > 1, VLOOKUP(C17, Referensi!$C$5:$F$11, 4, TRUE) / 100, VLOOKUP(C17, Referensi!$C$5:$F$11, 4, TRUE))) -> 0.08 | F17: 22 | G17: =IF(C17="","",G16-F17) -> 1177 | H17: =IF(C17="","", C17*G17) -> 8239 | I17: =IF(C17=0,"",AVERAGE(D17:E17)*H17) -> 535.535 | J17: =I17*$J$6 -> 26.77675 | K17: =I17*$J$5 -> 187.43725 | M17: =L17*37% -> 0 | N17: =IF(J17=0,"", (K17+M17)/J17) -> 7 | P17: 7.6 | R17: 6.6 | S17: 28 | U17: Basilus
A18: 46295 | B18: 6 | C18: 6 | D18: =IF(C18="", "", IF(VLOOKUP(C18, Referensi!$C$5:$E$11, 3, TRUE) > 1, VLOOKUP(C18, Referensi!$C$5:$E$11, 3, TRUE) / 100, VLOOKUP(C18, Referensi!$C$5:$E$11, 3, TRUE))) -> 0.05 | E18: =IF(C18="", "", IF(VLOOKUP(C18, Referensi!$C$5:$F$11, 4, TRUE) > 1, VLOOKUP(C18, Referensi!$C$5:$F$11, 4, TRUE) / 100, VLOOKUP(C18, Referensi!$C$5:$F$11, 4, TRUE))) -> 0.08 | F18: 22 | G18: =IF(C18="","",G17-F18) -> 1155 | H18: =IF(C18="","", C18*G18) -> 6930 | I18: =IF(C18=0,"",AVERAGE(D18:E18)*H18) -> 450.45 | J18: =I18*$J$6 -> 22.5225 | K18: =I18*$J$5 -> 157.6575 | M18: =L18*37% -> 0 | N18: =IF(J18=0,"", (K18+M18)/J18) -> 7 | U18: Gostrong + Aquacell
A19: 46296 | B19: 7 | C19: 6 | D19: =IF(C19="", "", IF(VLOOKUP(C19, Referensi!$C$5:$E$11, 3, TRUE) > 1, VLOOKUP(C19, Referensi!$C$5:$E$11, 3, TRUE) / 100, VLOOKUP(C19, Referensi!$C$5:$E$11, 3, TRUE))) -> 0.05 | E19: =IF(C19="", "", IF(VLOOKUP(C19, Referensi!$C$5:$F$11, 4, TRUE) > 1, VLOOKUP(C19, Referensi!$C$5:$F$11, 4, TRUE) / 100, VLOOKUP(C19, Referensi!$C$5:$F$11, 4, TRUE))) -> 0.08 | F19: 18 | G19: =IF(C19="","",G18-F19) -> 1137 | H19: =IF(C19="","", C19*G19) -> 6822 | I19: =IF(C19=0,"",AVERAGE(D19:E19)*H19) -> 443.43 | J19: =I19*$J$6 -> 22.1715 | K19: =I19*$J$5 -> 155.2005 | M19: =L19*37% -> 0 | N19: =IF(J19=0,"", (K19+M19)/J19) -> 7 | T19: =654-38 -> 616
A20: 46297 | B20: 8 | D20: =IF(C20="", "", IF(VLOOKUP(C20, Referensi!$C$5:$E$11, 3, TRUE) > 1, VLOOKUP(C20, Referensi!$C$5:$E$11, 3, TRUE) / 100, VLOOKUP(C20, Referensi!$C$5:$E$11, 3, TRUE))) | E20: =IF(C20="", "", IF(VLOOKUP(C20, Referensi!$C$5:$F$11, 4, TRUE) > 1, VLOOKUP(C20, Referensi!$C$5:$F$11, 4, TRUE) / 100, VLOOKUP(C20, Referensi!$C$5:$F$11, 4, TRUE))) | F20: 3 | G20: =IF(C20="","",G19-F20) | H20: =IF(C20="","", C20*G20) | I20: =IF(C20=0,"",AVERAGE(D20:E20)*H20) | J20: =I20*$J$6 -> 0 | K20: =I20*$J$5 -> 0 | M20: =L20*37% -> 0 | N20: =IF(J20=0,"", (K20+M20)/J20)
A21: 46298 | B21: 9 | D21: =IF(C21="", "", IF(VLOOKUP(C21, Referensi!$C$5:$E$11, 3, TRUE) > 1, VLOOKUP(C21, Referensi!$C$5:$E$11, 3, TRUE) / 100, VLOOKUP(C21, Referensi!$C$5:$E$11, 3, TRUE))) | E21: =IF(C21="", "", IF(VLOOKUP(C21, Referensi!$C$5:$F$11, 4, TRUE) > 1, VLOOKUP(C21, Referensi!$C$5:$F$11, 4, TRUE) / 100, VLOOKUP(C21, Referensi!$C$5:$F$11, 4, TRUE))) | G21: =IF(C21="","",G20-F21) | H21: =IF(C21="","", C21*G21) | I21: =IF(C21=0,"",AVERAGE(D21:E21)*H21) | J21: =I21*$J$6 -> 0 | K21: =I21*$J$5 -> 0 | M21: =L21*37% -> 0 | N21: =IF(J21=0,"", (K21+M21)/J21)
A22: 46299 | B22: 10 | D22: =IF(C22="", "", IF(VLOOKUP(C22, Referensi!$C$5:$E$11, 3, TRUE) > 1, VLOOKUP(C22, Referensi!$C$5:$E$11, 3, TRUE) / 100, VLOOKUP(C22, Referensi!$C$5:$E$11, 3, TRUE))) | E22: =IF(C22="", "", IF(VLOOKUP(C22, Referensi!$C$5:$F$11, 4, TRUE) > 1, VLOOKUP(C22, Referensi!$C$5:$F$11, 4, TRUE) / 100, VLOOKUP(C22, Referensi!$C$5:$F$11, 4, TRUE))) | G22: =IF(C22="","",G21-F22) | H22: =IF(C22="","", C22*G22) | I22: =IF(C22=0,"",AVERAGE(D22:E22)*H22) | J22: =I22*$J$6 -> 0 | K22: =I22*$J$5 -> 0 | M22: =L22*37% -> 0 | N22: =IF(J22=0,"", (K22+M22)/J22)
A23: 46300 | B23: 11 | D23: =IF(C23="", "", IF(VLOOKUP(C23, Referensi!$C$5:$E$11, 3, TRUE) > 1, VLOOKUP(C23, Referensi!$C$5:$E$11, 3, TRUE) / 100, VLOOKUP(C23, Referensi!$C$5:$E$11, 3, TRUE))) | E23: =IF(C23="", "", IF(VLOOKUP(C23, Referensi!$C$5:$F$11, 4, TRUE) > 1, VLOOKUP(C23, Referensi!$C$5:$F$11, 4, TRUE) / 100, VLOOKUP(C23, Referensi!$C$5:$F$11, 4, TRUE))) | G23: =IF(C23="","",G22-F23) | H23: =IF(C23="","", C23*G23) | I23: =IF(C23=0,"",AVERAGE(D23:E23)*H23) | J23: =I23*$J$6 -> 0 | K23: =I23*$J$5 -> 0 | M23: =L23*37% -> 0 | N23: =IF(J23=0,"", (K23+M23)/J23)
A24: 46301 | B24: 12 | D24: =IF(C24="", "", IF(VLOOKUP(C24, Referensi!$C$5:$E$11, 3, TRUE) > 1, VLOOKUP(C24, Referensi!$C$5:$E$11, 3, TRUE) / 100, VLOOKUP(C24, Referensi!$C$5:$E$11, 3, TRUE))) | E24: =IF(C24="", "", IF(VLOOKUP(C24, Referensi!$C$5:$F$11, 4, TRUE) > 1, VLOOKUP(C24, Referensi!$C$5:$F$11, 4, TRUE) / 100, VLOOKUP(C24, Referensi!$C$5:$F$11, 4, TRUE))) | G24: =IF(C24="","",G23-F24) | H24: =IF(C24="","", C24*G24) | I24: =IF(C24=0,"",AVERAGE(D24:E24)*H24) | J24: =I24*$J$6 -> 0 | K24: =I24*$J$5 -> 0 | M24: =L24*37% -> 0 | N24: =IF(J24=0,"", (K24+M24)/J24)
A25: 46302 | B25: 13 | D25: =IF(C25="", "", IF(VLOOKUP(C25, Referensi!$C$5:$E$11, 3, TRUE) > 1, VLOOKUP(C25, Referensi!$C$5:$E$11, 3, TRUE) / 100, VLOOKUP(C25, Referensi!$C$5:$E$11, 3, TRUE))) | E25: =IF(C25="", "", IF(VLOOKUP(C25, Referensi!$C$5:$F$11, 4, TRUE) > 1, VLOOKUP(C25, Referensi!$C$5:$F$11, 4, TRUE) / 100, VLOOKUP(C25, Referensi!$C$5:$F$11, 4, TRUE))) | G25: =IF(C25="","",G24-F25) | H25: =IF(C25="","", C25*G25) | I25: =IF(C25=0,"",AVERAGE(D25:E25)*H25) | J25: =I25*$J$6 -> 0 | K25: =I25*$J$5 -> 0 | M25: =L25*37% -> 0 | N25: =IF(J25=0,"", (K25+M25)/J25)
A26: 46303 | B26: 14 | D26: =IF(C26="", "", IF(VLOOKUP(C26, Referensi!$C$5:$E$11, 3, TRUE) > 1, VLOOKUP(C26, Referensi!$C$5:$E$11, 3, TRUE) / 100, VLOOKUP(C26, Referensi!$C$5:$E$11, 3, TRUE))) | E26: =IF(C26="", "", IF(VLOOKUP(C26, Referensi!$C$5:$F$11, 4, TRUE) > 1, VLOOKUP(C26, Referensi!$C$5:$F$11, 4, TRUE) / 100, VLOOKUP(C26, Referensi!$C$5:$F$11, 4, TRUE))) | G26: =IF(C26="","",G25-F26) | H26: =IF(C26="","", C26*G26) | I26: =IF(C26=0,"",AVERAGE(D26:E26)*H26) | J26: =I26*$J$6 -> 0 | K26: =I26*$J$5 -> 0 | M26: =L26*37% -> 0 | N26: =IF(J26=0,"", (K26+M26)/J26)
B27: 15 | D27: =IF(C27="", "", IF(VLOOKUP(C27, Referensi!$C$5:$E$11, 3, TRUE) > 1, VLOOKUP(C27, Referensi!$C$5:$E$11, 3, TRUE) / 100, VLOOKUP(C27, Referensi!$C$5:$E$11, 3, TRUE))) | E27: =IF(C27="", "", IF(VLOOKUP(C27, Referensi!$C$5:$F$11, 4, TRUE) > 1, VLOOKUP(C27, Referensi!$C$5:$F$11, 4, TRUE) / 100, VLOOKUP(C27, Referensi!$C$5:$F$11, 4, TRUE))) | G27: =IF(C27="","",G26-F27) | H27: =IF(C27="","", C27*G27) | I27: =IF(C27=0,"",AVERAGE(D27:E27)*H27) | J27: =I27*$J$6 -> 0 | K27: =I27*$J$5 -> 0 | M27: =L27*37% -> 0 | N27: =IF(J27=0,"", (K27+M27)/J27)
B28: 16 | D28: =IF(C28="", "", IF(VLOOKUP(C28, Referensi!$C$5:$E$11, 3, TRUE) > 1, VLOOKUP(C28, Referensi!$C$5:$E$11, 3, TRUE) / 100, VLOOKUP(C28, Referensi!$C$5:$E$11, 3, TRUE))) | E28: =IF(C28="", "", IF(VLOOKUP(C28, Referensi!$C$5:$F$11, 4, TRUE) > 1, VLOOKUP(C28, Referensi!$C$5:$F$11, 4, TRUE) / 100, VLOOKUP(C28, Referensi!$C$5:$F$11, 4, TRUE))) | G28: =IF(C28="","",G27-F28) | H28: =IF(C28="","", C28*G28) | I28: =IF(C28=0,"",AVERAGE(D28:E28)*H28) | J28: =I28*$J$6 -> 0 | K28: =I28*$J$5 -> 0 | M28: =L28*37% -> 0 | N28: =IF(J28=0,"", (K28+M28)/J28)
B29: 17 | D29: =IF(C29="", "", IF(VLOOKUP(C29, Referensi!$C$5:$E$11, 3, TRUE) > 1, VLOOKUP(C29, Referensi!$C$5:$E$11, 3, TRUE) / 100, VLOOKUP(C29, Referensi!$C$5:$E$11, 3, TRUE))) | E29: =IF(C29="", "", IF(VLOOKUP(C29, Referensi!$C$5:$F$11, 4, TRUE) > 1, VLOOKUP(C29, Referensi!$C$5:$F$11, 4, TRUE) / 100, VLOOKUP(C29, Referensi!$C$5:$F$11, 4, TRUE))) | G29: =IF(C29="","",G28-F29) | H29: =IF(C29="","", C29*G29) | I29: =IF(C29=0,"",AVERAGE(D29:E29)*H29) | J29: =I29*$J$6 -> 0 | K29: =I29*$J$5 -> 0 | M29: =L29*37% -> 0 | N29: =IF(J29=0,"", (K29+M29)/J29)
B30: 18 | D30: =IF(C30="", "", IF(VLOOKUP(C30, Referensi!$C$5:$E$11, 3, TRUE) > 1, VLOOKUP(C30, Referensi!$C$5:$E$11, 3, TRUE) / 100, VLOOKUP(C30, Referensi!$C$5:$E$11, 3, TRUE))) | E30: =IF(C30="", "", IF(VLOOKUP(C30, Referensi!$C$5:$F$11, 4, TRUE) > 1, VLOOKUP(C30, Referensi!$C$5:$F$11, 4, TRUE) / 100, VLOOKUP(C30, Referensi!$C$5:$F$11, 4, TRUE))) | G30: =IF(C30="","",G29-F30) | H30: =IF(C30="","", C30*G30) | I30: =IF(C30=0,"",AVERAGE(D30:E30)*H30) | J30: =I30*$J$6 -> 0 | K30: =I30*$J$5 -> 0 | M30: =L30*37% -> 0 | N30: =IF(J30=0,"", (K30+M30)/J30)
B31: 19 | D31: =IF(C31="", "", IF(VLOOKUP(C31, Referensi!$C$5:$E$11, 3, TRUE) > 1, VLOOKUP(C31, Referensi!$C$5:$E$11, 3, TRUE) / 100, VLOOKUP(C31, Referensi!$C$5:$E$11, 3, TRUE))) | E31: =IF(C31="", "", IF(VLOOKUP(C31, Referensi!$C$5:$F$11, 4, TRUE) > 1, VLOOKUP(C31, Referensi!$C$5:$F$11, 4, TRUE) / 100, VLOOKUP(C31, Referensi!$C$5:$F$11, 4, TRUE))) | G31: =IF(C31="","",G30-F31) | H31: =IF(C31="","", C31*G31) | I31: =IF(C31=0,"",AVERAGE(D31:E31)*H31) | J31: =I31*$J$6 -> 0 | K31: =I31*$J$5 -> 0 | M31: =L31*37% -> 0 | N31: =IF(J31=0,"", (K31+M31)/J31)
B32: 20 | D32: =IF(C32="", "", IF(VLOOKUP(C32, Referensi!$C$5:$E$11, 3, TRUE) > 1, VLOOKUP(C32, Referensi!$C$5:$E$11, 3, TRUE) / 100, VLOOKUP(C32, Referensi!$C$5:$E$11, 3, TRUE))) | E32: =IF(C32="", "", IF(VLOOKUP(C32, Referensi!$C$5:$F$11, 4, TRUE) > 1, VLOOKUP(C32, Referensi!$C$5:$F$11, 4, TRUE) / 100, VLOOKUP(C32, Referensi!$C$5:$F$11, 4, TRUE))) | G32: =IF(C32="","",G31-F32) | H32: =IF(C32="","", C32*G32) | I32: =IF(C32=0,"",AVERAGE(D32:E32)*H32) | J32: =I32*$J$6 -> 0 | K32: =I32*$J$5 -> 0 | M32: =L32*37% -> 0 | N32: =IF(J32=0,"", (K32+M32)/J32)
B33: 21 | D33: =IF(C33="", "", IF(VLOOKUP(C33, Referensi!$C$5:$E$11, 3, TRUE) > 1, VLOOKUP(C33, Referensi!$C$5:$E$11, 3, TRUE) / 100, VLOOKUP(C33, Referensi!$C$5:$E$11, 3, TRUE))) | E33: =IF(C33="", "", IF(VLOOKUP(C33, Referensi!$C$5:$F$11, 4, TRUE) > 1, VLOOKUP(C33, Referensi!$C$5:$F$11, 4, TRUE) / 100, VLOOKUP(C33, Referensi!$C$5:$F$11, 4, TRUE))) | G33: =IF(C33="","",G32-F33) | H33: =IF(C33="","", C33*G33) | I33: =IF(C33=0,"",AVERAGE(D33:E33)*H33) | J33: =I33*$J$6 -> 0 | K33: =I33*$J$5 -> 0 | M33: =L33*37% -> 0 | N33: =IF(J33=0,"", (K33+M33)/J33)
B34: 22 | D34: =IF(C34="", "", IF(VLOOKUP(C34, Referensi!$C$5:$E$11, 3, TRUE) > 1, VLOOKUP(C34, Referensi!$C$5:$E$11, 3, TRUE) / 100, VLOOKUP(C34, Referensi!$C$5:$E$11, 3, TRUE))) | E34: =IF(C34="", "", IF(VLOOKUP(C34, Referensi!$C$5:$F$11, 4, TRUE) > 1, VLOOKUP(C34, Referensi!$C$5:$F$11, 4, TRUE) / 100, VLOOKUP(C34, Referensi!$C$5:$F$11, 4, TRUE))) | G34: =IF(C34="","",G33-F34) | H34: =IF(C34="","", C34*G34) | I34: =IF(C34=0,"",AVERAGE(D34:E34)*H34) | J34: =I34*$J$6 -> 0 | K34: =I34*$J$5 -> 0 | M34: =L34*37% -> 0 | N34: =IF(J34=0,"", (K34+M34)/J34)
B35: 23 | D35: =IF(C35="", "", IF(VLOOKUP(C35, Referensi!$C$5:$E$11, 3, TRUE) > 1, VLOOKUP(C35, Referensi!$C$5:$E$11, 3, TRUE) / 100, VLOOKUP(C35, Referensi!$C$5:$E$11, 3, TRUE))) | E35: =IF(C35="", "", IF(VLOOKUP(C35, Referensi!$C$5:$F$11, 4, TRUE) > 1, VLOOKUP(C35, Referensi!$C$5:$F$11, 4, TRUE) / 100, VLOOKUP(C35, Referensi!$C$5:$F$11, 4, TRUE))) | G35: =IF(C35="","",G34-F35) | H35: =IF(C35="","", C35*G35) | I35: =IF(C35=0,"",AVERAGE(D35:E35)*H35) | J35: =I35*$J$6 -> 0 | K35: =I35*$J$5 -> 0 | M35: =L35*37% -> 0 | N35: =IF(J35=0,"", (K35+M35)/J35)
B36: 24 | D36: =IF(C36="", "", IF(VLOOKUP(C36, Referensi!$C$5:$E$11, 3, TRUE) > 1, VLOOKUP(C36, Referensi!$C$5:$E$11, 3, TRUE) / 100, VLOOKUP(C36, Referensi!$C$5:$E$11, 3, TRUE))) | E36: =IF(C36="", "", IF(VLOOKUP(C36, Referensi!$C$5:$F$11, 4, TRUE) > 1, VLOOKUP(C36, Referensi!$C$5:$F$11, 4, TRUE) / 100, VLOOKUP(C36, Referensi!$C$5:$F$11, 4, TRUE))) | G36: =IF(C36="","",G35-F36) | H36: =IF(C36="","", C36*G36) | I36: =IF(C36=0,"",AVERAGE(D36:E36)*H36) | J36: =I36*$J$6 -> 0 | K36: =I36*$J$5 -> 0 | M36: =L36*37% -> 0 | N36: =IF(J36=0,"", (K36+M36)/J36)
B37: 25 | D37: =IF(C37="", "", IF(VLOOKUP(C37, Referensi!$C$5:$E$11, 3, TRUE) > 1, VLOOKUP(C37, Referensi!$C$5:$E$11, 3, TRUE) / 100, VLOOKUP(C37, Referensi!$C$5:$E$11, 3, TRUE))) | E37: =IF(C37="", "", IF(VLOOKUP(C37, Referensi!$C$5:$F$11, 4, TRUE) > 1, VLOOKUP(C37, Referensi!$C$5:$F$11, 4, TRUE) / 100, VLOOKUP(C37, Referensi!$C$5:$F$11, 4, TRUE))) | G37: =IF(C37="","",G36-F37) | H37: =IF(C37="","", C37*G37) | I37: =IF(C37=0,"",AVERAGE(D37:E37)*H37) | J37: =I37*$J$6 -> 0 | K37: =I37*$J$5 -> 0 | M37: =L37*37% -> 0 | N37: =IF(J37=0,"", (K37+M37)/J37)
B38: 26 | D38: =IF(C38="", "", IF(VLOOKUP(C38, Referensi!$C$5:$E$11, 3, TRUE) > 1, VLOOKUP(C38, Referensi!$C$5:$E$11, 3, TRUE) / 100, VLOOKUP(C38, Referensi!$C$5:$E$11, 3, TRUE))) | E38: =IF(C38="", "", IF(VLOOKUP(C38, Referensi!$C$5:$F$11, 4, TRUE) > 1, VLOOKUP(C38, Referensi!$C$5:$F$11, 4, TRUE) / 100, VLOOKUP(C38, Referensi!$C$5:$F$11, 4, TRUE))) | G38: =IF(C38="","",G37-F38) | H38: =IF(C38="","", C38*G38) | I38: =IF(C38=0,"",AVERAGE(D38:E38)*H38) | J38: =I38*$J$6 -> 0 | K38: =I38*$J$5 -> 0 | M38: =L38*37% -> 0 | N38: =IF(J38=0,"", (K38+M38)/J38)
... B164: 152 | D164: =IF(C164="", "", IF(VLOOKUP(C164, Referensi!$C$5:$E$11, 3, TRUE) > 1, VLOOKUP(C164, Referensi!$C$5:$E$11, 3, TRUE) / 100, VLOOKUP(C164, Referensi!$C$5:$E$11, 3, TRUE))) | E164: =IF(C164="", "", IF(VLOOKUP(C164, Referensi!$C$5:$F$11, 4, TRUE) > 1, VLOOKUP(C164, Referensi!$C$5:$F$11, 4, TRUE) / 100, VLOOKUP(C164, Referensi!$C$5:$F$11, 4, TRUE))) | G164: =IF(C164="","",G163-F164) | H164: =IF(C164="","", C164*G164) | I164: =IF(C164=0,"",AVERAGE(D164:E164)*H164) | J164: =I164*$J$6 -> 0 | K164: =I164*$J$5 -> 0 | M164: =L164*37% -> 0 | N164: =IF(J164=0,"", (K164+M164)/J164)

Sheet Kolam C3
B2: PENCATATAN KOLAM C3 | F2: Tanggal Tebar | G2: 24-Sept-2026 | I2: Asal Bibit | J2: Cibinong | M2: Pakan | N2: Safir
B4: Jumlah Bibit | D4: 1225 | F4: Biomasa Awal | G4: =C13*D4 -> 8575 | I4: Protein | J4: 0.32 | M4: Puasa | N4: 6:1
B5: Total Kematian | D5: =SUM(F13:F164) -> 248 | F5: Total Pakan | G5: =SUM(I13:I164) -> 2860.895 | I5: Carbon | J5: 0.17
B6: Populasi Saat Ini | D6: =D4-D5 -> 977 | F6: Total Biomasa | G6: =IFERROR(__xludf.DUMMYFUNCTION("IFERROR(CHOOSEROWS(FILTER(H13:H161, LEN(H13:H161) > 0, H13:H161 <> 0), -1), ""Data Masih Kosong"")"),5055.0) -> 5055 | I6: Nitrogen | J6: 0.05
B7: Survival Rate (SR) | D7: =D6/D4 -> 0.79755102 | F7: FCR | G7: =IFERROR(G5/(G6-G4),0) -> -0.81275426
B8: Volume Kolam (M3) | D8: 7 | F8: Feeding Rate | G8: =IF(G6=0,"",J8*G6) -> 404.4 | I8: FR | J8: =IFERROR(__xludf.DUMMYFUNCTION("IFERROR(CHOOSEROWS(FILTER(D13:D161, LEN(D13:D161) > 0, D13:D161 <> 0), -1), 0)"),0.08) -> 0.08
B10: DOC | C10: Berat Rata-Rata (gr) | D10: FR (%) | F10: Kematian | G10: Populasi | H10: Biomassa (gr) | I10: Feeding Rate (gr) | J10: Pakan | L10: Molase | N10: CN Ratio | O10: Intensitas Flok | P10: PH | Q10: TDS | R10: DO | S10: Temp | T10: Actual Pakan | U10: Additional Treatment
D11: Min | E11: Max | J11: N | K11: C | L11: Berat (gr) | M11: C
A13: 46289 | B13: 1 | C13: 7 | D13: =IF(C13="", "", IF(VLOOKUP(C13, Referensi!$C$5:$E$11, 3, TRUE) > 1, VLOOKUP(C13, Referensi!$C$5:$E$11, 3, TRUE) / 100, VLOOKUP(C13, Referensi!$C$5:$E$11, 3, TRUE))) -> 0.05 | E13: =IF(C13="", "", IF(VLOOKUP(C13, Referensi!$C$5:$F$11, 4, TRUE) > 1, VLOOKUP(C13, Referensi!$C$5:$F$11, 4, TRUE) / 100, VLOOKUP(C13, Referensi!$C$5:$F$11, 4, TRUE))) -> 0.08 | F13: 24 | G13: =$D$4-F13 -> 1201 | H13: =C13*G13 -> 8407 | I13: 0 | J13: =I13*$J$6 -> 0 | K13: =I13*$J$5 -> 0 | L13: 0 | M13: =L13*37% -> 0 | N13: =IF(J13=0,"", (K13+M13)/J13)
A14: 46290 | B14: 2 | C14: 7 | D14: =IF(C14="", "", IF(VLOOKUP(C14, Referensi!$C$5:$E$11, 3, TRUE) > 1, VLOOKUP(C14, Referensi!$C$5:$E$11, 3, TRUE) / 100, VLOOKUP(C14, Referensi!$C$5:$E$11, 3, TRUE))) -> 0.05 | E14: =IF(C14="", "", IF(VLOOKUP(C14, Referensi!$C$5:$F$11, 4, TRUE) > 1, VLOOKUP(C14, Referensi!$C$5:$F$11, 4, TRUE) / 100, VLOOKUP(C14, Referensi!$C$5:$F$11, 4, TRUE))) -> 0.08 | F14: 44 | G14: =IF(C14="","",G13-F14) -> 1157 | H14: =IF(C14="","", C14*G14) -> 8099 | I14: 0 | J14: =I14*$J$6 -> 0 | K14: =I14*$J$5 -> 0 | M14: =L14*37% -> 0 | N14: =IF(J14=0,"", (K14+M14)/J14) | P14: 8.6 | Q14: 6.3 | R14: 30.9
A15: 46291 | B15: 3 | C15: 7 | D15: =IF(C15="", "", IF(VLOOKUP(C15, Referensi!$C$5:$E$11, 3, TRUE) > 1, VLOOKUP(C15, Referensi!$C$5:$E$11, 3, TRUE) / 100, VLOOKUP(C15, Referensi!$C$5:$E$11, 3, TRUE))) -> 0.05 | E15: =IF(C15="", "", IF(VLOOKUP(C15, Referensi!$C$5:$F$11, 4, TRUE) > 1, VLOOKUP(C15, Referensi!$C$5:$F$11, 4, TRUE) / 100, VLOOKUP(C15, Referensi!$C$5:$F$11, 4, TRUE))) -> 0.08 | F15: 38 | G15: =IF(C15="","",G14-F15) -> 1119 | H15: =IF(C15="","", C15*G15) -> 7833 | I15: =IF(C15=0,"",AVERAGE(D15:E15)*H15) -> 509.145 | J15: =I15*$J$6 -> 25.45725 | K15: =I15*$J$5 -> 86.55465 | M15: =L15*37% -> 0 | N15: =IF(J15=0,"", (K15+M15)/J15) -> 3.4
A16: 46292 | B16: 4 | C16: 7 | D16: =IF(C16="", "", IF(VLOOKUP(C16, Referensi!$C$5:$E$11, 3, TRUE) > 1, VLOOKUP(C16, Referensi!$C$5:$E$11, 3, TRUE) / 100, VLOOKUP(C16, Referensi!$C$5:$E$11, 3, TRUE))) -> 0.05 | E16: =IF(C16="", "", IF(VLOOKUP(C16, Referensi!$C$5:$F$11, 4, TRUE) > 1, VLOOKUP(C16, Referensi!$C$5:$F$11, 4, TRUE) / 100, VLOOKUP(C16, Referensi!$C$5:$F$11, 4, TRUE))) -> 0.08 | F16: 34 | G16: =IF(C16="","",G15-F16) -> 1085 | H16: =IF(C16="","", C16*G16) -> 7595 | I16: =IF(C16=0,"",AVERAGE(D16:E16)*H16) -> 493.675 | J16: =I16*$J$6 -> 24.68375 | K16: =I16*$J$5 -> 83.92475 | M16: =L16*37% -> 0 | N16: =IF(J16=0,"", (K16+M16)/J16) -> 3.4
A17: 46293 | B17: 5 | C17: 7 | D17: =IF(C17="", "", IF(VLOOKUP(C17, Referensi!$C$5:$E$11, 3, TRUE) > 1, VLOOKUP(C17, Referensi!$C$5:$E$11, 3, TRUE) / 100, VLOOKUP(C17, Referensi!$C$5:$E$11, 3, TRUE))) -> 0.05 | E17: =IF(C17="", "", IF(VLOOKUP(C17, Referensi!$C$5:$F$11, 4, TRUE) > 1, VLOOKUP(C17, Referensi!$C$5:$F$11, 4, TRUE) / 100, VLOOKUP(C17, Referensi!$C$5:$F$11, 4, TRUE))) -> 0.08 | F17: 45 | G17: =IF(C17="","",G16-F17) -> 1040 | H17: =IF(C17="","", C17*G17) -> 7280 | I17: =IF(C17=0,"",AVERAGE(D17:E17)*H17) -> 473.2 | J17: =I17*$J$6 -> 23.66 | K17: =I17*$J$5 -> 80.444 | M17: =L17*37% -> 0 | N17: =IF(J17=0,"", (K17+M17)/J17) -> 3.4
A18: 46294 | B18: 6 | C18: 7 | D18: =IF(C18="", "", IF(VLOOKUP(C18, Referensi!$C$5:$E$11, 3, TRUE) > 1, VLOOKUP(C18, Referensi!$C$5:$E$11, 3, TRUE) / 100, VLOOKUP(C18, Referensi!$C$5:$E$11, 3, TRUE))) -> 0.05 | E18: =IF(C18="", "", IF(VLOOKUP(C18, Referensi!$C$5:$F$11, 4, TRUE) > 1, VLOOKUP(C18, Referensi!$C$5:$F$11, 4, TRUE) / 100, VLOOKUP(C18, Referensi!$C$5:$F$11, 4, TRUE))) -> 0.08 | F18: 5 | G18: =IF(C18="","",G17-F18) -> 1035 | H18: =IF(C18="","", C18*G18) -> 7245 | I18: =IF(C18=0,"",AVERAGE(D18:E18)*H18) -> 470.925 | J18: =I18*$J$6 -> 23.54625 | K18: =I18*$J$5 -> 80.05725 | M18: =L18*37% -> 0 | N18: =IF(J18=0,"", (K18+M18)/J18) -> 3.4 | P18: 7.5 | R18: 5.4 | S18: 30
A19: 46295 | B19: 7 | C19: 5 | D19: =IF(C19="", "", IF(VLOOKUP(C19, Referensi!$C$5:$E$11, 3, TRUE) > 1, VLOOKUP(C19, Referensi!$C$5:$E$11, 3, TRUE) / 100, VLOOKUP(C19, Referensi!$C$5:$E$11, 3, TRUE))) -> 0.08 | E19: =IF(C19="", "", IF(VLOOKUP(C19, Referensi!$C$5:$F$11, 4, TRUE) > 1, VLOOKUP(C19, Referensi!$C$5:$F$11, 4, TRUE) / 100, VLOOKUP(C19, Referensi!$C$5:$F$11, 4, TRUE))) -> 0.1 | F19: 15 | G19: =IF(C19="","",G18-F19) -> 1020 | H19: =IF(C19="","", C19*G19) -> 5100 | I19: =IF(C19=0,"",AVERAGE(D19:E19)*H19) -> 459 | J19: =I19*$J$6 -> 22.95 | K19: =I19*$J$5 -> 78.03 | M19: =L19*37% -> 0 | N19: =IF(J19=0,"", (K19+M19)/J19) -> 3.4
A20: 46296 | B20: 8 | C20: 5 | D20: =IF(C20="", "", IF(VLOOKUP(C20, Referensi!$C$5:$E$11, 3, TRUE) > 1, VLOOKUP(C20, Referensi!$C$5:$E$11, 3, TRUE) / 100, VLOOKUP(C20, Referensi!$C$5:$E$11, 3, TRUE))) -> 0.08 | E20: =IF(C20="", "", IF(VLOOKUP(C20, Referensi!$C$5:$F$11, 4, TRUE) > 1, VLOOKUP(C20, Referensi!$C$5:$F$11, 4, TRUE) / 100, VLOOKUP(C20, Referensi!$C$5:$F$11, 4, TRUE))) -> 0.1 | F20: 9 | G20: =IF(C20="","",G19-F20) -> 1011 | H20: =IF(C20="","", C20*G20) -> 5055 | I20: =IF(C20=0,"",AVERAGE(D20:E20)*H20) -> 454.95 | J20: =I20*$J$6 -> 22.7475 | K20: =I20*$J$5 -> 77.3415 | M20: =L20*37% -> 0 | N20: =IF(J20=0,"", (K20+M20)/J20) -> 3.4 | T20: =370-50 -> 320
A21: 46297 | B21: 9 | D21: =IF(C21="", "", IF(VLOOKUP(C21, Referensi!$C$5:$E$11, 3, TRUE) > 1, VLOOKUP(C21, Referensi!$C$5:$E$11, 3, TRUE) / 100, VLOOKUP(C21, Referensi!$C$5:$E$11, 3, TRUE))) | E21: =IF(C21="", "", IF(VLOOKUP(C21, Referensi!$C$5:$F$11, 4, TRUE) > 1, VLOOKUP(C21, Referensi!$C$5:$F$11, 4, TRUE) / 100, VLOOKUP(C21, Referensi!$C$5:$F$11, 4, TRUE))) | F21: 34 | G21: =IF(C21="","",G20-F21) | H21: =IF(C21="","", C21*G21) | I21: =IF(C21=0,"",AVERAGE(D21:E21)*H21) | J21: =I21*$J$6 -> 0 | K21: =I21*$J$5 -> 0 | M21: =L21*37% -> 0 | N21: =IF(J21=0,"", (K21+M21)/J21)
A22: 46298 | B22: 10 | D22: =IF(C22="", "", IF(VLOOKUP(C22, Referensi!$C$5:$E$11, 3, TRUE) > 1, VLOOKUP(C22, Referensi!$C$5:$E$11, 3, TRUE) / 100, VLOOKUP(C22, Referensi!$C$5:$E$11, 3, TRUE))) | E22: =IF(C22="", "", IF(VLOOKUP(C22, Referensi!$C$5:$F$11, 4, TRUE) > 1, VLOOKUP(C22, Referensi!$C$5:$F$11, 4, TRUE) / 100, VLOOKUP(C22, Referensi!$C$5:$F$11, 4, TRUE))) | G22: =IF(C22="","",G21-F22) | H22: =IF(C22="","", C22*G22) | I22: =IF(C22=0,"",AVERAGE(D22:E22)*H22) | J22: =I22*$J$6 -> 0 | K22: =I22*$J$5 -> 0 | M22: =L22*37% -> 0 | N22: =IF(J22=0,"", (K22+M22)/J22)
A23: 46299 | B23: 11 | D23: =IF(C23="", "", IF(VLOOKUP(C23, Referensi!$C$5:$E$11, 3, TRUE) > 1, VLOOKUP(C23, Referensi!$C$5:$E$11, 3, TRUE) / 100, VLOOKUP(C23, Referensi!$C$5:$E$11, 3, TRUE))) | E23: =IF(C23="", "", IF(VLOOKUP(C23, Referensi!$C$5:$F$11, 4, TRUE) > 1, VLOOKUP(C23, Referensi!$C$5:$F$11, 4, TRUE) / 100, VLOOKUP(C23, Referensi!$C$5:$F$11, 4, TRUE))) | G23: =IF(C23="","",G22-F23) | H23: =IF(C23="","", C23*G23) | I23: =IF(C23=0,"",AVERAGE(D23:E23)*H23) | J23: =I23*$J$6 -> 0 | K23: =I23*$J$5 -> 0 | M23: =L23*37% -> 0 | N23: =IF(J23=0,"", (K23+M23)/J23)
A24: 46300 | B24: 12 | D24: =IF(C24="", "", IF(VLOOKUP(C24, Referensi!$C$5:$E$11, 3, TRUE) > 1, VLOOKUP(C24, Referensi!$C$5:$E$11, 3, TRUE) / 100, VLOOKUP(C24, Referensi!$C$5:$E$11, 3, TRUE))) | E24: =IF(C24="", "", IF(VLOOKUP(C24, Referensi!$C$5:$F$11, 4, TRUE) > 1, VLOOKUP(C24, Referensi!$C$5:$F$11, 4, TRUE) / 100, VLOOKUP(C24, Referensi!$C$5:$F$11, 4, TRUE))) | G24: =IF(C24="","",G23-F24) | H24: =IF(C24="","", C24*G24) | I24: =IF(C24=0,"",AVERAGE(D24:E24)*H24) | J24: =I24*$J$6 -> 0 | K24: =I24*$J$5 -> 0 | M24: =L24*37% -> 0 | N24: =IF(J24=0,"", (K24+M24)/J24)
A25: 46301 | B25: 13 | D25: =IF(C25="", "", IF(VLOOKUP(C25, Referensi!$C$5:$E$11, 3, TRUE) > 1, VLOOKUP(C25, Referensi!$C$5:$E$11, 3, TRUE) / 100, VLOOKUP(C25, Referensi!$C$5:$E$11, 3, TRUE))) | E25: =IF(C25="", "", IF(VLOOKUP(C25, Referensi!$C$5:$F$11, 4, TRUE) > 1, VLOOKUP(C25, Referensi!$C$5:$F$11, 4, TRUE) / 100, VLOOKUP(C25, Referensi!$C$5:$F$11, 4, TRUE))) | G25: =IF(C25="","",G24-F25) | H25: =IF(C25="","", C25*G25) | I25: =IF(C25=0,"",AVERAGE(D25:E25)*H25) | J25: =I25*$J$6 -> 0 | K25: =I25*$J$5 -> 0 | M25: =L25*37% -> 0 | N25: =IF(J25=0,"", (K25+M25)/J25)
A26: 46302 | B26: 14 | D26: =IF(C26="", "", IF(VLOOKUP(C26, Referensi!$C$5:$E$11, 3, TRUE) > 1, VLOOKUP(C26, Referensi!$C$5:$E$11, 3, TRUE) / 100, VLOOKUP(C26, Referensi!$C$5:$E$11, 3, TRUE))) | E26: =IF(C26="", "", IF(VLOOKUP(C26, Referensi!$C$5:$F$11, 4, TRUE) > 1, VLOOKUP(C26, Referensi!$C$5:$F$11, 4, TRUE) / 100, VLOOKUP(C26, Referensi!$C$5:$F$11, 4, TRUE))) | G26: =IF(C26="","",G25-F26) | H26: =IF(C26="","", C26*G26) | I26: =IF(C26=0,"",AVERAGE(D26:E26)*H26) | J26: =I26*$J$6 -> 0 | K26: =I26*$J$5 -> 0 | M26: =L26*37% -> 0 | N26: =IF(J26=0,"", (K26+M26)/J26)
B27: 15 | D27: =IF(C27="", "", IF(VLOOKUP(C27, Referensi!$C$5:$E$11, 3, TRUE) > 1, VLOOKUP(C27, Referensi!$C$5:$E$11, 3, TRUE) / 100, VLOOKUP(C27, Referensi!$C$5:$E$11, 3, TRUE))) | E27: =IF(C27="", "", IF(VLOOKUP(C27, Referensi!$C$5:$F$11, 4, TRUE) > 1, VLOOKUP(C27, Referensi!$C$5:$F$11, 4, TRUE) / 100, VLOOKUP(C27, Referensi!$C$5:$F$11, 4, TRUE))) | G27: =IF(C27="","",G26-F27) | H27: =IF(C27="","", C27*G27) | I27: =IF(C27=0,"",AVERAGE(D27:E27)*H27) | J27: =I27*$J$6 -> 0 | K27: =I27*$J$5 -> 0 | M27: =L27*37% -> 0 | N27: =IF(J27=0,"", (K27+M27)/J27)
B28: 16 | D28: =IF(C28="", "", IF(VLOOKUP(C28, Referensi!$C$5:$E$11, 3, TRUE) > 1, VLOOKUP(C28, Referensi!$C$5:$E$11, 3, TRUE) / 100, VLOOKUP(C28, Referensi!$C$5:$E$11, 3, TRUE))) | E28: =IF(C28="", "", IF(VLOOKUP(C28, Referensi!$C$5:$F$11, 4, TRUE) > 1, VLOOKUP(C28, Referensi!$C$5:$F$11, 4, TRUE) / 100, VLOOKUP(C28, Referensi!$C$5:$F$11, 4, TRUE))) | G28: =IF(C28="","",G27-F28) | H28: =IF(C28="","", C28*G28) | I28: =IF(C28=0,"",AVERAGE(D28:E28)*H28) | J28: =I28*$J$6 -> 0 | K28: =I28*$J$5 -> 0 | M28: =L28*37% -> 0 | N28: =IF(J28=0,"", (K28+M28)/J28)
B29: 17 | D29: =IF(C29="", "", IF(VLOOKUP(C29, Referensi!$C$5:$E$11, 3, TRUE) > 1, VLOOKUP(C29, Referensi!$C$5:$E$11, 3, TRUE) / 100, VLOOKUP(C29, Referensi!$C$5:$E$11, 3, TRUE))) | E29: =IF(C29="", "", IF(VLOOKUP(C29, Referensi!$C$5:$F$11, 4, TRUE) > 1, VLOOKUP(C29, Referensi!$C$5:$F$11, 4, TRUE) / 100, VLOOKUP(C29, Referensi!$C$5:$F$11, 4, TRUE))) | G29: =IF(C29="","",G28-F29) | H29: =IF(C29="","", C29*G29) | I29: =IF(C29=0,"",AVERAGE(D29:E29)*H29) | J29: =I29*$J$6 -> 0 | K29: =I29*$J$5 -> 0 | M29: =L29*37% -> 0 | N29: =IF(J29=0,"", (K29+M29)/J29)
B30: 18 | D30: =IF(C30="", "", IF(VLOOKUP(C30, Referensi!$C$5:$E$11, 3, TRUE) > 1, VLOOKUP(C30, Referensi!$C$5:$E$11, 3, TRUE) / 100, VLOOKUP(C30, Referensi!$C$5:$E$11, 3, TRUE))) | E30: =IF(C30="", "", IF(VLOOKUP(C30, Referensi!$C$5:$F$11, 4, TRUE) > 1, VLOOKUP(C30, Referensi!$C$5:$F$11, 4, TRUE) / 100, VLOOKUP(C30, Referensi!$C$5:$F$11, 4, TRUE))) | G30: =IF(C30="","",G29-F30) | H30: =IF(C30="","", C30*G30) | I30: =IF(C30=0,"",AVERAGE(D30:E30)*H30) | J30: =I30*$J$6 -> 0 | K30: =I30*$J$5 -> 0 | M30: =L30*37% -> 0 | N30: =IF(J30=0,"", (K30+M30)/J30)
B31: 19 | D31: =IF(C31="", "", IF(VLOOKUP(C31, Referensi!$C$5:$E$11, 3, TRUE) > 1, VLOOKUP(C31, Referensi!$C$5:$E$11, 3, TRUE) / 100, VLOOKUP(C31, Referensi!$C$5:$E$11, 3, TRUE))) | E31: =IF(C31="", "", IF(VLOOKUP(C31, Referensi!$C$5:$F$11, 4, TRUE) > 1, VLOOKUP(C31, Referensi!$C$5:$F$11, 4, TRUE) / 100, VLOOKUP(C31, Referensi!$C$5:$F$11, 4, TRUE))) | G31: =IF(C31="","",G30-F31) | H31: =IF(C31="","", C31*G31) | I31: =IF(C31=0,"",AVERAGE(D31:E31)*H31) | J31: =I31*$J$6 -> 0 | K31: =I31*$J$5 -> 0 | M31: =L31*37% -> 0 | N31: =IF(J31=0,"", (K31+M31)/J31)
B32: 20 | D32: =IF(C32="", "", IF(VLOOKUP(C32, Referensi!$C$5:$E$11, 3, TRUE) > 1, VLOOKUP(C32, Referensi!$C$5:$E$11, 3, TRUE) / 100, VLOOKUP(C32, Referensi!$C$5:$E$11, 3, TRUE))) | E32: =IF(C32="", "", IF(VLOOKUP(C32, Referensi!$C$5:$F$11, 4, TRUE) > 1, VLOOKUP(C32, Referensi!$C$5:$F$11, 4, TRUE) / 100, VLOOKUP(C32, Referensi!$C$5:$F$11, 4, TRUE))) | G32: =IF(C32="","",G31-F32) | H32: =IF(C32="","", C32*G32) | I32: =IF(C32=0,"",AVERAGE(D32:E32)*H32) | J32: =I32*$J$6 -> 0 | K32: =I32*$J$5 -> 0 | M32: =L32*37% -> 0 | N32: =IF(J32=0,"", (K32+M32)/J32)
B33: 21 | D33: =IF(C33="", "", IF(VLOOKUP(C33, Referensi!$C$5:$E$11, 3, TRUE) > 1, VLOOKUP(C33, Referensi!$C$5:$E$11, 3, TRUE) / 100, VLOOKUP(C33, Referensi!$C$5:$E$11, 3, TRUE))) | E33: =IF(C33="", "", IF(VLOOKUP(C33, Referensi!$C$5:$F$11, 4, TRUE) > 1, VLOOKUP(C33, Referensi!$C$5:$F$11, 4, TRUE) / 100, VLOOKUP(C33, Referensi!$C$5:$F$11, 4, TRUE))) | G33: =IF(C33="","",G32-F33) | H33: =IF(C33="","", C33*G33) | I33: =IF(C33=0,"",AVERAGE(D33:E33)*H33) | J33: =I33*$J$6 -> 0 | K33: =I33*$J$5 -> 0 | M33: =L33*37% -> 0 | N33: =IF(J33=0,"", (K33+M33)/J33)
B34: 22 | D34: =IF(C34="", "", IF(VLOOKUP(C34, Referensi!$C$5:$E$11, 3, TRUE) > 1, VLOOKUP(C34, Referensi!$C$5:$E$11, 3, TRUE) / 100, VLOOKUP(C34, Referensi!$C$5:$E$11, 3, TRUE))) | E34: =IF(C34="", "", IF(VLOOKUP(C34, Referensi!$C$5:$F$11, 4, TRUE) > 1, VLOOKUP(C34, Referensi!$C$5:$F$11, 4, TRUE) / 100, VLOOKUP(C34, Referensi!$C$5:$F$11, 4, TRUE))) | G34: =IF(C34="","",G33-F34) | H34: =IF(C34="","", C34*G34) | I34: =IF(C34=0,"",AVERAGE(D34:E34)*H34) | J34: =I34*$J$6 -> 0 | K34: =I34*$J$5 -> 0 | M34: =L34*37% -> 0 | N34: =IF(J34=0,"", (K34+M34)/J34)
B35: 23 | D35: =IF(C35="", "", IF(VLOOKUP(C35, Referensi!$C$5:$E$11, 3, TRUE) > 1, VLOOKUP(C35, Referensi!$C$5:$E$11, 3, TRUE) / 100, VLOOKUP(C35, Referensi!$C$5:$E$11, 3, TRUE))) | E35: =IF(C35="", "", IF(VLOOKUP(C35, Referensi!$C$5:$F$11, 4, TRUE) > 1, VLOOKUP(C35, Referensi!$C$5:$F$11, 4, TRUE) / 100, VLOOKUP(C35, Referensi!$C$5:$F$11, 4, TRUE))) | G35: =IF(C35="","",G34-F35) | H35: =IF(C35="","", C35*G35) | I35: =IF(C35=0,"",AVERAGE(D35:E35)*H35) | J35: =I35*$J$6 -> 0 | K35: =I35*$J$5 -> 0 | M35: =L35*37% -> 0 | N35: =IF(J35=0,"", (K35+M35)/J35)
B36: 24 | D36: =IF(C36="", "", IF(VLOOKUP(C36, Referensi!$C$5:$E$11, 3, TRUE) > 1, VLOOKUP(C36, Referensi!$C$5:$E$11, 3, TRUE) / 100, VLOOKUP(C36, Referensi!$C$5:$E$11, 3, TRUE))) | E36: =IF(C36="", "", IF(VLOOKUP(C36, Referensi!$C$5:$F$11, 4, TRUE) > 1, VLOOKUP(C36, Referensi!$C$5:$F$11, 4, TRUE) / 100, VLOOKUP(C36, Referensi!$C$5:$F$11, 4, TRUE))) | G36: =IF(C36="","",G35-F36) | H36: =IF(C36="","", C36*G36) | I36: =IF(C36=0,"",AVERAGE(D36:E36)*H36) | J36: =I36*$J$6 -> 0 | K36: =I36*$J$5 -> 0 | M36: =L36*37% -> 0 | N36: =IF(J36=0,"", (K36+M36)/J36)
B37: 25 | D37: =IF(C37="", "", IF(VLOOKUP(C37, Referensi!$C$5:$E$11, 3, TRUE) > 1, VLOOKUP(C37, Referensi!$C$5:$E$11, 3, TRUE) / 100, VLOOKUP(C37, Referensi!$C$5:$E$11, 3, TRUE))) | E37: =IF(C37="", "", IF(VLOOKUP(C37, Referensi!$C$5:$F$11, 4, TRUE) > 1, VLOOKUP(C37, Referensi!$C$5:$F$11, 4, TRUE) / 100, VLOOKUP(C37, Referensi!$C$5:$F$11, 4, TRUE))) | G37: =IF(C37="","",G36-F37) | H37: =IF(C37="","", C37*G37) | I37: =IF(C37=0,"",AVERAGE(D37:E37)*H37) | J37: =I37*$J$6 -> 0 | K37: =I37*$J$5 -> 0 | M37: =L37*37% -> 0 | N37: =IF(J37=0,"", (K37+M37)/J37)
B38: 26 | D38: =IF(C38="", "", IF(VLOOKUP(C38, Referensi!$C$5:$E$11, 3, TRUE) > 1, VLOOKUP(C38, Referensi!$C$5:$E$11, 3, TRUE) / 100, VLOOKUP(C38, Referensi!$C$5:$E$11, 3, TRUE))) | E38: =IF(C38="", "", IF(VLOOKUP(C38, Referensi!$C$5:$F$11, 4, TRUE) > 1, VLOOKUP(C38, Referensi!$C$5:$F$11, 4, TRUE) / 100, VLOOKUP(C38, Referensi!$C$5:$F$11, 4, TRUE))) | G38: =IF(C38="","",G37-F38) | H38: =IF(C38="","", C38*G38) | I38: =IF(C38=0,"",AVERAGE(D38:E38)*H38) | J38: =I38*$J$6 -> 0 | K38: =I38*$J$5 -> 0 | M38: =L38*37% -> 0 | N38: =IF(J38=0,"", (K38+M38)/J38)
... B164: 152 | D164: =IF(C164="", "", IF(VLOOKUP(C164, Referensi!$C$5:$E$11, 3, TRUE) > 1, VLOOKUP(C164, Referensi!$C$5:$E$11, 3, TRUE) / 100, VLOOKUP(C164, Referensi!$C$5:$E$11, 3, TRUE))) | E164: =IF(C164="", "", IF(VLOOKUP(C164, Referensi!$C$5:$F$11, 4, TRUE) > 1, VLOOKUP(C164, Referensi!$C$5:$F$11, 4, TRUE) / 100, VLOOKUP(C164, Referensi!$C$5:$F$11, 4, TRUE))) | G164: =IF(C164="","",G163-F164) | H164: =IF(C164="","", C164*G164) | I164: =IF(C164=0,"",AVERAGE(D164:E164)*H164) | J164: =I164*$J$6 -> 0 | K164: =I164*$J$5 -> 0 | M164: =L164*37% -> 0 | N164: =IF(J164=0,"", (K164+M164)/J164)

Sheet Kolam D3  Heru
B2: PENCATATAN KOLAM D3/HERU | F2: Tanggal Tebar | G2: 46289 | I2: Asal Bibit | J2: Cibinong | M2: Pakan | N2: 781
B4: Jumlah Bibit | D4: 1451 | F4: Biomasa Awal | G4: =C13*D4 -> 8706 | I4: Protein | J4: 0.32 | M4: Puasa | N4: 5:1
B5: Total Kematian | D5: =SUM(F13:F164) -> 84 | F5: Total Pakan | G5: =SUM(I13:I164) -> 3267.42 | I5: Carbon | J5: 0.35
B6: Populasi Saat Ini | D6: =D4-D5 -> 1367 | F6: Total Biomasa | G6: =IFERROR(__xludf.DUMMYFUNCTION("IFERROR(CHOOSEROWS(FILTER(H13:H161, LEN(H13:H161) > 0, H13:H161 <> 0), -1), ""Data Masih Kosong"")"),8202.0) -> 8202 | I6: Nitrogen | J6: 0.05
B7: Survival Rate (SR) | D7: =D6/D4 -> 0.94210889 | F7: FCR | G7: =IFERROR(G5/(G6-G4),0) -> -6.4829762
B8: Volume Kolam (M3) | D8: 7 | F8: Feeding Rate | G8: =IF(G6=0,"",J8*G6) -> 410.1 | I8: FR | J8: =IFERROR(__xludf.DUMMYFUNCTION("IFERROR(CHOOSEROWS(FILTER(D13:D161, LEN(D13:D161) > 0, D13:D161 <> 0), -1), 0)"),0.05) -> 0.05
B10: DOC | C10: Berat Rata-Rata (gr) | D10: FR (%) | F10: Kematian | G10: Populasi | H10: Biomassa (gr) | I10: Feeding Rate (gr) | J10: Pakan | L10: Molase | N10: CN Ratio | O10: Intensitas Flok | P10: PH | Q10: TDS | R10: DO | S10: Temp | T10: Actual Pakan | U10: Additional Treatment
D11: Min | E11: Max | J11: N | K11: C | L11: Berat (gr) | M11: C
A13: 46289 | B13: 1 | C13: 6 | D13: =IF(C13="", "", IF(VLOOKUP(C13, Referensi!$C$5:$E$11, 3, TRUE) > 1, VLOOKUP(C13, Referensi!$C$5:$E$11, 3, TRUE) / 100, VLOOKUP(C13, Referensi!$C$5:$E$11, 3, TRUE))) -> 0.05 | E13: =IF(C13="", "", IF(VLOOKUP(C13, Referensi!$C$5:$F$11, 4, TRUE) > 1, VLOOKUP(C13, Referensi!$C$5:$F$11, 4, TRUE) / 100, VLOOKUP(C13, Referensi!$C$5:$F$11, 4, TRUE))) -> 0.08 | F13: 7 | G13: =$D$4-F13 -> 1444 | H13: =C13*G13 -> 8664 | I13: 0 | J13: =I13*$J$6 -> 0 | K13: =I13*$J$5 -> 0 | L13: 0 | M13: =L13*37% -> 0 | N13: =IF(J13=0,"", (K13+M13)/J13)
A14: 46290 | B14: 2 | C14: 6 | D14: =IF(C14="", "", IF(VLOOKUP(C14, Referensi!$C$5:$E$11, 3, TRUE) > 1, VLOOKUP(C14, Referensi!$C$5:$E$11, 3, TRUE) / 100, VLOOKUP(C14, Referensi!$C$5:$E$11, 3, TRUE))) -> 0.05 | E14: =IF(C14="", "", IF(VLOOKUP(C14, Referensi!$C$5:$F$11, 4, TRUE) > 1, VLOOKUP(C14, Referensi!$C$5:$F$11, 4, TRUE) / 100, VLOOKUP(C14, Referensi!$C$5:$F$11, 4, TRUE))) -> 0.08 | F14: 16 | G14: =IF(C14="","",G13-F14) -> 1428 | H14: =IF(C14="","", C14*G14) -> 8568 | I14: 0 | J14: =I14*$J$6 -> 0 | K14: =I14*$J$5 -> 0 | M14: =L14*37% -> 0 | N14: =IF(J14=0,"", (K14+M14)/J14) | P14: 8.9 | R14: 6.5 | S14: 30.7
A15: 46291 | B15: 3 | C15: 6 | D15: =IF(C15="", "", IF(VLOOKUP(C15, Referensi!$C$5:$E$11, 3, TRUE) > 1, VLOOKUP(C15, Referensi!$C$5:$E$11, 3, TRUE) / 100, VLOOKUP(C15, Referensi!$C$5:$E$11, 3, TRUE))) -> 0.05 | E15: =IF(C15="", "", IF(VLOOKUP(C15, Referensi!$C$5:$F$11, 4, TRUE) > 1, VLOOKUP(C15, Referensi!$C$5:$F$11, 4, TRUE) / 100, VLOOKUP(C15, Referensi!$C$5:$F$11, 4, TRUE))) -> 0.08 | F15: 17 | G15: =IF(C15="","",G14-F15) -> 1411 | H15: =IF(C15="","", C15*G15) -> 8466 | I15: =IF(C15=0,"",AVERAGE(D15:E15)*H15) -> 550.29 | J15: =I15*$J$6 -> 27.5145 | K15: =I15*$J$5 -> 192.6015 | M15: =L15*37% -> 0 | N15: =IF(J15=0,"", (K15+M15)/J15) -> 7
A16: 46292 | B16: 4 | C16: 6 | D16: =IF(C16="", "", IF(VLOOKUP(C16, Referensi!$C$5:$E$11, 3, TRUE) > 1, VLOOKUP(C16, Referensi!$C$5:$E$11, 3, TRUE) / 100, VLOOKUP(C16, Referensi!$C$5:$E$11, 3, TRUE))) -> 0.05 | E16: =IF(C16="", "", IF(VLOOKUP(C16, Referensi!$C$5:$F$11, 4, TRUE) > 1, VLOOKUP(C16, Referensi!$C$5:$F$11, 4, TRUE) / 100, VLOOKUP(C16, Referensi!$C$5:$F$11, 4, TRUE))) -> 0.08 | F16: 0 | G16: =IF(C16="","",G15-F16) -> 1411 | H16: =IF(C16="","", C16*G16) -> 8466 | I16: =IF(C16=0,"",AVERAGE(D16:E16)*H16) -> 550.29 | J16: =I16*$J$6 -> 27.5145 | K16: =I16*$J$5 -> 192.6015 | M16: =L16*37% -> 0 | N16: =IF(J16=0,"", (K16+M16)/J16) -> 7
A17: 46293 | B17: 5 | C17: 6 | D17: =IF(C17="", "", IF(VLOOKUP(C17, Referensi!$C$5:$E$11, 3, TRUE) > 1, VLOOKUP(C17, Referensi!$C$5:$E$11, 3, TRUE) / 100, VLOOKUP(C17, Referensi!$C$5:$E$11, 3, TRUE))) -> 0.05 | E17: =IF(C17="", "", IF(VLOOKUP(C17, Referensi!$C$5:$F$11, 4, TRUE) > 1, VLOOKUP(C17, Referensi!$C$5:$F$11, 4, TRUE) / 100, VLOOKUP(C17, Referensi!$C$5:$F$11, 4, TRUE))) -> 0.08 | F17: 9 | G17: =IF(C17="","",G16-F17) -> 1402 | H17: =IF(C17="","", C17*G17) -> 8412 | I17: =IF(C17=0,"",AVERAGE(D17:E17)*H17) -> 546.78 | J17: =I17*$J$6 -> 27.339 | K17: =I17*$J$5 -> 191.373 | M17: =L17*37% -> 0 | N17: =IF(J17=0,"", (K17+M17)/J17) -> 7
A18: 46294 | B18: 6 | C18: 6 | D18: =IF(C18="", "", IF(VLOOKUP(C18, Referensi!$C$5:$E$11, 3, TRUE) > 1, VLOOKUP(C18, Referensi!$C$5:$E$11, 3, TRUE) / 100, VLOOKUP(C18, Referensi!$C$5:$E$11, 3, TRUE))) -> 0.05 | E18: =IF(C18="", "", IF(VLOOKUP(C18, Referensi!$C$5:$F$11, 4, TRUE) > 1, VLOOKUP(C18, Referensi!$C$5:$F$11, 4, TRUE) / 100, VLOOKUP(C18, Referensi!$C$5:$F$11, 4, TRUE))) -> 0.08 | F18: 3 | G18: =IF(C18="","",G17-F18) -> 1399 | H18: =IF(C18="","", C18*G18) -> 8394 | I18: =IF(C18=0,"",AVERAGE(D18:E18)*H18) -> 545.61 | J18: =I18*$J$6 -> 27.2805 | K18: =I18*$J$5 -> 190.9635 | M18: =L18*37% -> 0 | N18: =IF(J18=0,"", (K18+M18)/J18) -> 7 | P18: 7.7 | R18: 5.6 | S18: 30
A19: 46295 | B19: 7 | C19: 6 | D19: =IF(C19="", "", IF(VLOOKUP(C19, Referensi!$C$5:$E$11, 3, TRUE) > 1, VLOOKUP(C19, Referensi!$C$5:$E$11, 3, TRUE) / 100, VLOOKUP(C19, Referensi!$C$5:$E$11, 3, TRUE))) -> 0.05 | E19: =IF(C19="", "", IF(VLOOKUP(C19, Referensi!$C$5:$F$11, 4, TRUE) > 1, VLOOKUP(C19, Referensi!$C$5:$F$11, 4, TRUE) / 100, VLOOKUP(C19, Referensi!$C$5:$F$11, 4, TRUE))) -> 0.08 | F19: 11 | G19: =IF(C19="","",G18-F19) -> 1388 | H19: =IF(C19="","", C19*G19) -> 8328 | I19: =IF(C19=0,"",AVERAGE(D19:E19)*H19) -> 541.32 | J19: =I19*$J$6 -> 27.066 | K19: =I19*$J$5 -> 189.462 | M19: =L19*37% -> 0 | N19: =IF(J19=0,"", (K19+M19)/J19) -> 7
A20: 46296 | B20: 8 | C20: 0 | D20: =IF(C20="", "", IF(VLOOKUP(C20, Referensi!$C$5:$E$11, 3, TRUE) > 1, VLOOKUP(C20, Referensi!$C$5:$E$11, 3, TRUE) / 100, VLOOKUP(C20, Referensi!$C$5:$E$11, 3, TRUE))) -> #N/A | E20: =IF(C20="", "", IF(VLOOKUP(C20, Referensi!$C$5:$F$11, 4, TRUE) > 1, VLOOKUP(C20, Referensi!$C$5:$F$11, 4, TRUE) / 100, VLOOKUP(C20, Referensi!$C$5:$F$11, 4, TRUE))) -> #N/A | F20: 19 | G20: =IF(C20="","",G19-F20) -> 1369 | H20: =IF(C20="","", C20*G20) -> 0 | I20: =IF(C20=0,"",AVERAGE(D20:E20)*H20) | J20: =I20*$J$6 -> 0 | K20: =I20*$J$5 -> 0 | M20: =L20*37% -> 0 | N20: =IF(J20=0,"", (K20+M20)/J20)
A21: 46297 | B21: 9 | C21: 6 | D21: =IF(C21="", "", IF(VLOOKUP(C21, Referensi!$C$5:$E$11, 3, TRUE) > 1, VLOOKUP(C21, Referensi!$C$5:$E$11, 3, TRUE) / 100, VLOOKUP(C21, Referensi!$C$5:$E$11, 3, TRUE))) -> 0.05 | E21: =IF(C21="", "", IF(VLOOKUP(C21, Referensi!$C$5:$F$11, 4, TRUE) > 1, VLOOKUP(C21, Referensi!$C$5:$F$11, 4, TRUE) / 100, VLOOKUP(C21, Referensi!$C$5:$F$11, 4, TRUE))) -> 0.08 | F21: 2 | G21: =IF(C21="","",G20-F21) -> 1367 | H21: =IF(C21="","", C21*G21) -> 8202 | I21: =IF(C21=0,"",AVERAGE(D21:E21)*H21) -> 533.13 | J21: =I21*$J$6 -> 26.6565 | K21: =I21*$J$5 -> 186.5955 | M21: =L21*37% -> 0 | N21: =IF(J21=0,"", (K21+M21)/J21) -> 7 | T21: 412
A22: 46298 | B22: 10 | D22: =IF(C22="", "", IF(VLOOKUP(C22, Referensi!$C$5:$E$11, 3, TRUE) > 1, VLOOKUP(C22, Referensi!$C$5:$E$11, 3, TRUE) / 100, VLOOKUP(C22, Referensi!$C$5:$E$11, 3, TRUE))) | E22: =IF(C22="", "", IF(VLOOKUP(C22, Referensi!$C$5:$F$11, 4, TRUE) > 1, VLOOKUP(C22, Referensi!$C$5:$F$11, 4, TRUE) / 100, VLOOKUP(C22, Referensi!$C$5:$F$11, 4, TRUE))) | G22: =IF(C22="","",G21-F22) | H22: =IF(C22="","", C22*G22) | I22: =IF(C22=0,"",AVERAGE(D22:E22)*H22) | J22: =I22*$J$6 -> 0 | K22: =I22*$J$5 -> 0 | M22: =L22*37% -> 0 | N22: =IF(J22=0,"", (K22+M22)/J22)
A23: 46299 | B23: 11 | D23: =IF(C23="", "", IF(VLOOKUP(C23, Referensi!$C$5:$E$11, 3, TRUE) > 1, VLOOKUP(C23, Referensi!$C$5:$E$11, 3, TRUE) / 100, VLOOKUP(C23, Referensi!$C$5:$E$11, 3, TRUE))) | E23: =IF(C23="", "", IF(VLOOKUP(C23, Referensi!$C$5:$F$11, 4, TRUE) > 1, VLOOKUP(C23, Referensi!$C$5:$F$11, 4, TRUE) / 100, VLOOKUP(C23, Referensi!$C$5:$F$11, 4, TRUE))) | G23: =IF(C23="","",G22-F23) | H23: =IF(C23="","", C23*G23) | I23: =IF(C23=0,"",AVERAGE(D23:E23)*H23) | J23: =I23*$J$6 -> 0 | K23: =I23*$J$5 -> 0 | M23: =L23*37% -> 0 | N23: =IF(J23=0,"", (K23+M23)/J23)
A24: 46300 | B24: 12 | D24: =IF(C24="", "", IF(VLOOKUP(C24, Referensi!$C$5:$E$11, 3, TRUE) > 1, VLOOKUP(C24, Referensi!$C$5:$E$11, 3, TRUE) / 100, VLOOKUP(C24, Referensi!$C$5:$E$11, 3, TRUE))) | E24: =IF(C24="", "", IF(VLOOKUP(C24, Referensi!$C$5:$F$11, 4, TRUE) > 1, VLOOKUP(C24, Referensi!$C$5:$F$11, 4, TRUE) / 100, VLOOKUP(C24, Referensi!$C$5:$F$11, 4, TRUE))) | G24: =IF(C24="","",G23-F24) | H24: =IF(C24="","", C24*G24) | I24: =IF(C24=0,"",AVERAGE(D24:E24)*H24) | J24: =I24*$J$6 -> 0 | K24: =I24*$J$5 -> 0 | M24: =L24*37% -> 0 | N24: =IF(J24=0,"", (K24+M24)/J24)
A25: 46301 | B25: 13 | D25: =IF(C25="", "", IF(VLOOKUP(C25, Referensi!$C$5:$E$11, 3, TRUE) > 1, VLOOKUP(C25, Referensi!$C$5:$E$11, 3, TRUE) / 100, VLOOKUP(C25, Referensi!$C$5:$E$11, 3, TRUE))) | E25: =IF(C25="", "", IF(VLOOKUP(C25, Referensi!$C$5:$F$11, 4, TRUE) > 1, VLOOKUP(C25, Referensi!$C$5:$F$11, 4, TRUE) / 100, VLOOKUP(C25, Referensi!$C$5:$F$11, 4, TRUE))) | G25: =IF(C25="","",G24-F25) | H25: =IF(C25="","", C25*G25) | I25: =IF(C25=0,"",AVERAGE(D25:E25)*H25) | J25: =I25*$J$6 -> 0 | K25: =I25*$J$5 -> 0 | M25: =L25*37% -> 0 | N25: =IF(J25=0,"", (K25+M25)/J25)
A26: 46302 | B26: 14 | D26: =IF(C26="", "", IF(VLOOKUP(C26, Referensi!$C$5:$E$11, 3, TRUE) > 1, VLOOKUP(C26, Referensi!$C$5:$E$11, 3, TRUE) / 100, VLOOKUP(C26, Referensi!$C$5:$E$11, 3, TRUE))) | E26: =IF(C26="", "", IF(VLOOKUP(C26, Referensi!$C$5:$F$11, 4, TRUE) > 1, VLOOKUP(C26, Referensi!$C$5:$F$11, 4, TRUE) / 100, VLOOKUP(C26, Referensi!$C$5:$F$11, 4, TRUE))) | G26: =IF(C26="","",G25-F26) | H26: =IF(C26="","", C26*G26) | I26: =IF(C26=0,"",AVERAGE(D26:E26)*H26) | J26: =I26*$J$6 -> 0 | K26: =I26*$J$5 -> 0 | M26: =L26*37% -> 0 | N26: =IF(J26=0,"", (K26+M26)/J26)
B27: 15 | D27: =IF(C27="", "", IF(VLOOKUP(C27, Referensi!$C$5:$E$11, 3, TRUE) > 1, VLOOKUP(C27, Referensi!$C$5:$E$11, 3, TRUE) / 100, VLOOKUP(C27, Referensi!$C$5:$E$11, 3, TRUE))) | E27: =IF(C27="", "", IF(VLOOKUP(C27, Referensi!$C$5:$F$11, 4, TRUE) > 1, VLOOKUP(C27, Referensi!$C$5:$F$11, 4, TRUE) / 100, VLOOKUP(C27, Referensi!$C$5:$F$11, 4, TRUE))) | G27: =IF(C27="","",G26-F27) | H27: =IF(C27="","", C27*G27) | I27: =IF(C27=0,"",AVERAGE(D27:E27)*H27) | J27: =I27*$J$6 -> 0 | K27: =I27*$J$5 -> 0 | M27: =L27*37% -> 0 | N27: =IF(J27=0,"", (K27+M27)/J27)
B28: 16 | D28: =IF(C28="", "", IF(VLOOKUP(C28, Referensi!$C$5:$E$11, 3, TRUE) > 1, VLOOKUP(C28, Referensi!$C$5:$E$11, 3, TRUE) / 100, VLOOKUP(C28, Referensi!$C$5:$E$11, 3, TRUE))) | E28: =IF(C28="", "", IF(VLOOKUP(C28, Referensi!$C$5:$F$11, 4, TRUE) > 1, VLOOKUP(C28, Referensi!$C$5:$F$11, 4, TRUE) / 100, VLOOKUP(C28, Referensi!$C$5:$F$11, 4, TRUE))) | G28: =IF(C28="","",G27-F28) | H28: =IF(C28="","", C28*G28) | I28: =IF(C28=0,"",AVERAGE(D28:E28)*H28) | J28: =I28*$J$6 -> 0 | K28: =I28*$J$5 -> 0 | M28: =L28*37% -> 0 | N28: =IF(J28=0,"", (K28+M28)/J28)
B29: 17 | D29: =IF(C29="", "", IF(VLOOKUP(C29, Referensi!$C$5:$E$11, 3, TRUE) > 1, VLOOKUP(C29, Referensi!$C$5:$E$11, 3, TRUE) / 100, VLOOKUP(C29, Referensi!$C$5:$E$11, 3, TRUE))) | E29: =IF(C29="", "", IF(VLOOKUP(C29, Referensi!$C$5:$F$11, 4, TRUE) > 1, VLOOKUP(C29, Referensi!$C$5:$F$11, 4, TRUE) / 100, VLOOKUP(C29, Referensi!$C$5:$F$11, 4, TRUE))) | G29: =IF(C29="","",G28-F29) | H29: =IF(C29="","", C29*G29) | I29: =IF(C29=0,"",AVERAGE(D29:E29)*H29) | J29: =I29*$J$6 -> 0 | K29: =I29*$J$5 -> 0 | M29: =L29*37% -> 0 | N29: =IF(J29=0,"", (K29+M29)/J29)
B30: 18 | D30: =IF(C30="", "", IF(VLOOKUP(C30, Referensi!$C$5:$E$11, 3, TRUE) > 1, VLOOKUP(C30, Referensi!$C$5:$E$11, 3, TRUE) / 100, VLOOKUP(C30, Referensi!$C$5:$E$11, 3, TRUE))) | E30: =IF(C30="", "", IF(VLOOKUP(C30, Referensi!$C$5:$F$11, 4, TRUE) > 1, VLOOKUP(C30, Referensi!$C$5:$F$11, 4, TRUE) / 100, VLOOKUP(C30, Referensi!$C$5:$F$11, 4, TRUE))) | G30: =IF(C30="","",G29-F30) | H30: =IF(C30="","", C30*G30) | I30: =IF(C30=0,"",AVERAGE(D30:E30)*H30) | J30: =I30*$J$6 -> 0 | K30: =I30*$J$5 -> 0 | M30: =L30*37% -> 0 | N30: =IF(J30=0,"", (K30+M30)/J30)
B31: 19 | D31: =IF(C31="", "", IF(VLOOKUP(C31, Referensi!$C$5:$E$11, 3, TRUE) > 1, VLOOKUP(C31, Referensi!$C$5:$E$11, 3, TRUE) / 100, VLOOKUP(C31, Referensi!$C$5:$E$11, 3, TRUE))) | E31: =IF(C31="", "", IF(VLOOKUP(C31, Referensi!$C$5:$F$11, 4, TRUE) > 1, VLOOKUP(C31, Referensi!$C$5:$F$11, 4, TRUE) / 100, VLOOKUP(C31, Referensi!$C$5:$F$11, 4, TRUE))) | G31: =IF(C31="","",G30-F31) | H31: =IF(C31="","", C31*G31) | I31: =IF(C31=0,"",AVERAGE(D31:E31)*H31) | J31: =I31*$J$6 -> 0 | K31: =I31*$J$5 -> 0 | M31: =L31*37% -> 0 | N31: =IF(J31=0,"", (K31+M31)/J31)
B32: 20 | D32: =IF(C32="", "", IF(VLOOKUP(C32, Referensi!$C$5:$E$11, 3, TRUE) > 1, VLOOKUP(C32, Referensi!$C$5:$E$11, 3, TRUE) / 100, VLOOKUP(C32, Referensi!$C$5:$E$11, 3, TRUE))) | E32: =IF(C32="", "", IF(VLOOKUP(C32, Referensi!$C$5:$F$11, 4, TRUE) > 1, VLOOKUP(C32, Referensi!$C$5:$F$11, 4, TRUE) / 100, VLOOKUP(C32, Referensi!$C$5:$F$11, 4, TRUE))) | G32: =IF(C32="","",G31-F32) | H32: =IF(C32="","", C32*G32) | I32: =IF(C32=0,"",AVERAGE(D32:E32)*H32) | J32: =I32*$J$6 -> 0 | K32: =I32*$J$5 -> 0 | M32: =L32*37% -> 0 | N32: =IF(J32=0,"", (K32+M32)/J32)
B33: 21 | D33: =IF(C33="", "", IF(VLOOKUP(C33, Referensi!$C$5:$E$11, 3, TRUE) > 1, VLOOKUP(C33, Referensi!$C$5:$E$11, 3, TRUE) / 100, VLOOKUP(C33, Referensi!$C$5:$E$11, 3, TRUE))) | E33: =IF(C33="", "", IF(VLOOKUP(C33, Referensi!$C$5:$F$11, 4, TRUE) > 1, VLOOKUP(C33, Referensi!$C$5:$F$11, 4, TRUE) / 100, VLOOKUP(C33, Referensi!$C$5:$F$11, 4, TRUE))) | G33: =IF(C33="","",G32-F33) | H33: =IF(C33="","", C33*G33) | I33: =IF(C33=0,"",AVERAGE(D33:E33)*H33) | J33: =I33*$J$6 -> 0 | K33: =I33*$J$5 -> 0 | M33: =L33*37% -> 0 | N33: =IF(J33=0,"", (K33+M33)/J33)
B34: 22 | D34: =IF(C34="", "", IF(VLOOKUP(C34, Referensi!$C$5:$E$11, 3, TRUE) > 1, VLOOKUP(C34, Referensi!$C$5:$E$11, 3, TRUE) / 100, VLOOKUP(C34, Referensi!$C$5:$E$11, 3, TRUE))) | E34: =IF(C34="", "", IF(VLOOKUP(C34, Referensi!$C$5:$F$11, 4, TRUE) > 1, VLOOKUP(C34, Referensi!$C$5:$F$11, 4, TRUE) / 100, VLOOKUP(C34, Referensi!$C$5:$F$11, 4, TRUE))) | G34: =IF(C34="","",G33-F34) | H34: =IF(C34="","", C34*G34) | I34: =IF(C34=0,"",AVERAGE(D34:E34)*H34) | J34: =I34*$J$6 -> 0 | K34: =I34*$J$5 -> 0 | M34: =L34*37% -> 0 | N34: =IF(J34=0,"", (K34+M34)/J34)
B35: 23 | D35: =IF(C35="", "", IF(VLOOKUP(C35, Referensi!$C$5:$E$11, 3, TRUE) > 1, VLOOKUP(C35, Referensi!$C$5:$E$11, 3, TRUE) / 100, VLOOKUP(C35, Referensi!$C$5:$E$11, 3, TRUE))) | E35: =IF(C35="", "", IF(VLOOKUP(C35, Referensi!$C$5:$F$11, 4, TRUE) > 1, VLOOKUP(C35, Referensi!$C$5:$F$11, 4, TRUE) / 100, VLOOKUP(C35, Referensi!$C$5:$F$11, 4, TRUE))) | G35: =IF(C35="","",G34-F35) | H35: =IF(C35="","", C35*G35) | I35: =IF(C35=0,"",AVERAGE(D35:E35)*H35) | J35: =I35*$J$6 -> 0 | K35: =I35*$J$5 -> 0 | M35: =L35*37% -> 0 | N35: =IF(J35=0,"", (K35+M35)/J35)
B36: 24 | D36: =IF(C36="", "", IF(VLOOKUP(C36, Referensi!$C$5:$E$11, 3, TRUE) > 1, VLOOKUP(C36, Referensi!$C$5:$E$11, 3, TRUE) / 100, VLOOKUP(C36, Referensi!$C$5:$E$11, 3, TRUE))) | E36: =IF(C36="", "", IF(VLOOKUP(C36, Referensi!$C$5:$F$11, 4, TRUE) > 1, VLOOKUP(C36, Referensi!$C$5:$F$11, 4, TRUE) / 100, VLOOKUP(C36, Referensi!$C$5:$F$11, 4, TRUE))) | G36: =IF(C36="","",G35-F36) | H36: =IF(C36="","", C36*G36) | I36: =IF(C36=0,"",AVERAGE(D36:E36)*H36) | J36: =I36*$J$6 -> 0 | K36: =I36*$J$5 -> 0 | M36: =L36*37% -> 0 | N36: =IF(J36=0,"", (K36+M36)/J36)
B37: 25 | D37: =IF(C37="", "", IF(VLOOKUP(C37, Referensi!$C$5:$E$11, 3, TRUE) > 1, VLOOKUP(C37, Referensi!$C$5:$E$11, 3, TRUE) / 100, VLOOKUP(C37, Referensi!$C$5:$E$11, 3, TRUE))) | E37: =IF(C37="", "", IF(VLOOKUP(C37, Referensi!$C$5:$F$11, 4, TRUE) > 1, VLOOKUP(C37, Referensi!$C$5:$F$11, 4, TRUE) / 100, VLOOKUP(C37, Referensi!$C$5:$F$11, 4, TRUE))) | G37: =IF(C37="","",G36-F37) | H37: =IF(C37="","", C37*G37) | I37: =IF(C37=0,"",AVERAGE(D37:E37)*H37) | J37: =I37*$J$6 -> 0 | K37: =I37*$J$5 -> 0 | M37: =L37*37% -> 0 | N37: =IF(J37=0,"", (K37+M37)/J37)
B38: 26 | D38: =IF(C38="", "", IF(VLOOKUP(C38, Referensi!$C$5:$E$11, 3, TRUE) > 1, VLOOKUP(C38, Referensi!$C$5:$E$11, 3, TRUE) / 100, VLOOKUP(C38, Referensi!$C$5:$E$11, 3, TRUE))) | E38: =IF(C38="", "", IF(VLOOKUP(C38, Referensi!$C$5:$F$11, 4, TRUE) > 1, VLOOKUP(C38, Referensi!$C$5:$F$11, 4, TRUE) / 100, VLOOKUP(C38, Referensi!$C$5:$F$11, 4, TRUE))) | G38: =IF(C38="","",G37-F38) | H38: =IF(C38="","", C38*G38) | I38: =IF(C38=0,"",AVERAGE(D38:E38)*H38) | J38: =I38*$J$6 -> 0 | K38: =I38*$J$5 -> 0 | M38: =L38*37% -> 0 | N38: =IF(J38=0,"", (K38+M38)/J38)
... B164: 152 | D164: =IF(C164="", "", IF(VLOOKUP(C164, Referensi!$C$5:$E$11, 3, TRUE) > 1, VLOOKUP(C164, Referensi!$C$5:$E$11, 3, TRUE) / 100, VLOOKUP(C164, Referensi!$C$5:$E$11, 3, TRUE))) | E164: =IF(C164="", "", IF(VLOOKUP(C164, Referensi!$C$5:$F$11, 4, TRUE) > 1, VLOOKUP(C164, Referensi!$C$5:$F$11, 4, TRUE) / 100, VLOOKUP(C164, Referensi!$C$5:$F$11, 4, TRUE))) | G164: =IF(C164="","",G163-F164) | H164: =IF(C164="","", C164*G164) | I164: =IF(C164=0,"",AVERAGE(D164:E164)*H164) | J164: =I164*$J$6 -> 0 | K164: =I164*$J$5 -> 0 | M164: =L164*37% -> 0 | N164: =IF(J164=0,"", (K164+M164)/J164)

Sheet Kolam A6
B2: PENCATATAN KOLAM A6 | F2: Tanggal Tebar | G2: 20-Sept-26 | I2: Asal Bibit | J2: Kang Ipey - Subang | M2: Pakan | N2: 781
B4: Jumlah Bibit | D4: 5600 | F4: Biomasa Awal | G4: =C13*D4 -> 84000 | I4: Protein | J4: 0.32 | M4: Puasa | N4: 6:1
B5: Total Kematian | D5: =SUM(F13:F164) -> 657 | F5: Total Pakan | G5: =SUM(I13:I164) -> 40999.215 | I5: Carbon | J5: 0.35
B6: Populasi Saat Ini | D6: =D4-D5 -> 4943 | F6: Total Biomasa | G6: =IFERROR(__xludf.DUMMYFUNCTION("IFERROR(CHOOSEROWS(FILTER(H13:H161, LEN(H13:H161) > 0, H13:H161 <> 0), -1), ""Data Masih Kosong"")"),120384.0) -> 120384 | I6: Nitrogen | J6: 0.05
B7: Survival Rate (SR) | D7: =D6/D4 -> 0.88267857 | F7: FCR | G7: =IFERROR(G5/(G6-G4),0) -> 1.1268474
B8: Volume Kolam (M3) | D8: 7 | F8: Feeding Rate | G8: =IF(G6=0,"",J8*G6) -> 4815.36 | I8: FR | J8: =IFERROR(__xludf.DUMMYFUNCTION("IFERROR(CHOOSEROWS(FILTER(D13:D161, LEN(D13:D161) > 0, D13:D161 <> 0), -1), 0)"),0.04) -> 0.04
B10: DOC | C10: Berat Rata-Rata (gr) | D10: FR (%) | F10: Kematian | G10: Populasi | H10: Biomassa (gr) | I10: Feeding Rate (gr) | J10: Pakan | L10: Molase | N10: CN Ratio | O10: Intensitas Flok | P10: PH | Q10: TDS | R10: DO | S10: Temp | T10: Actual Pakan | U10: Additional Treatment
D11: Min | E11: Max | J11: N | K11: C | L11: Berat (gr) | M11: C
A13: 46285 | B13: 1 | C13: 15 | D13: =IF(C13="", "", IF(VLOOKUP(C13, Referensi!$C$5:$E$11, 3, TRUE) > 1, VLOOKUP(C13, Referensi!$C$5:$E$11, 3, TRUE) / 100, VLOOKUP(C13, Referensi!$C$5:$E$11, 3, TRUE))) -> 0.05 | E13: =IF(C13="", "", IF(VLOOKUP(C13, Referensi!$C$5:$F$11, 4, TRUE) > 1, VLOOKUP(C13, Referensi!$C$5:$F$11, 4, TRUE) / 100, VLOOKUP(C13, Referensi!$C$5:$F$11, 4, TRUE))) -> 0.08 | F13: 15 | G13: =$D$4-F13 -> 5585 | H13: =C13*G13 -> 83775 | I13: 0 | J13: =I13*$J$6 -> 0 | K13: =I13*$J$5 -> 0 | L13: 0 | M13: =L13*37% -> 0 | N13: =IF(J13=0,"", (K13+M13)/J13) | U13: Molase + Basilus
A14: 46286 | B14: 2 | C14: 15 | D14: =IF(C14="", "", IF(VLOOKUP(C14, Referensi!$C$5:$E$11, 3, TRUE) > 1, VLOOKUP(C14, Referensi!$C$5:$E$11, 3, TRUE) / 100, VLOOKUP(C14, Referensi!$C$5:$E$11, 3, TRUE))) -> 0.05 | E14: =IF(C14="", "", IF(VLOOKUP(C14, Referensi!$C$5:$F$11, 4, TRUE) > 1, VLOOKUP(C14, Referensi!$C$5:$F$11, 4, TRUE) / 100, VLOOKUP(C14, Referensi!$C$5:$F$11, 4, TRUE))) -> 0.08 | F14: 12 | G14: =IF(C14="","",G13-F14) -> 5573 | H14: =IF(C14="","", C14*G14) -> 83595 | I14: 0 | J14: =I14*$J$6 -> 0 | K14: =I14*$J$5 -> 0 | M14: =L14*37% -> 0 | N14: =IF(J14=0,"", (K14+M14)/J14) | P14: 7.7 | R14: 5.9 | S14: 29.1
A15: 46287 | B15: 3 | C15: 15 | D15: =IF(C15="", "", IF(VLOOKUP(C15, Referensi!$C$5:$E$11, 3, TRUE) > 1, VLOOKUP(C15, Referensi!$C$5:$E$11, 3, TRUE) / 100, VLOOKUP(C15, Referensi!$C$5:$E$11, 3, TRUE))) -> 0.05 | E15: =IF(C15="", "", IF(VLOOKUP(C15, Referensi!$C$5:$F$11, 4, TRUE) > 1, VLOOKUP(C15, Referensi!$C$5:$F$11, 4, TRUE) / 100, VLOOKUP(C15, Referensi!$C$5:$F$11, 4, TRUE))) -> 0.08 | F15: 28 | G15: =IF(C15="","",G14-F15) -> 5545 | H15: =IF(C15="","", C15*G15) -> 83175 | I15: =T15 -> 4267 | J15: =I15*$J$6 -> 213.35 | K15: =I15*$J$5 -> 1493.45 | M15: =L15*37% -> 0 | N15: =IF(J15=0,"", (K15+M15)/J15) -> 7 | T15: 4267
A16: 46288 | B16: 4 | C16: 15 | D16: =IF(C16="", "", IF(VLOOKUP(C16, Referensi!$C$5:$E$11, 3, TRUE) > 1, VLOOKUP(C16, Referensi!$C$5:$E$11, 3, TRUE) / 100, VLOOKUP(C16, Referensi!$C$5:$E$11, 3, TRUE))) -> 0.05 | E16: =IF(C16="", "", IF(VLOOKUP(C16, Referensi!$C$5:$F$11, 4, TRUE) > 1, VLOOKUP(C16, Referensi!$C$5:$F$11, 4, TRUE) / 100, VLOOKUP(C16, Referensi!$C$5:$F$11, 4, TRUE))) -> 0.08 | F16: 36 | G16: =IF(C16="","",G15-F16) -> 5509 | H16: =IF(C16="","", C16*G16) -> 82635 | I16: =IF(C16=0,"",AVERAGE(D16:E16)*H16) -> 5371.275 | J16: =I16*$J$6 -> 268.56375 | K16: =I16*$J$5 -> 1879.9462 | M16: =L16*37% -> 0 | N16: =IF(J16=0,"", (K16+M16)/J16) -> 7
A17: 46289 | B17: 5 | C17: 15 | D17: =IF(C17="", "", IF(VLOOKUP(C17, Referensi!$C$5:$E$11, 3, TRUE) > 1, VLOOKUP(C17, Referensi!$C$5:$E$11, 3, TRUE) / 100, VLOOKUP(C17, Referensi!$C$5:$E$11, 3, TRUE))) -> 0.05 | E17: =IF(C17="", "", IF(VLOOKUP(C17, Referensi!$C$5:$F$11, 4, TRUE) > 1, VLOOKUP(C17, Referensi!$C$5:$F$11, 4, TRUE) / 100, VLOOKUP(C17, Referensi!$C$5:$F$11, 4, TRUE))) -> 0.08 | F17: 30 | G17: =IF(C17="","",G16-F17) -> 5479 | H17: =IF(C17="","", C17*G17) -> 82185 | I17: =IF(C17=0,"",AVERAGE(D17:E17)*H17) -> 5342.025 | J17: =I17*$J$6 -> 267.10125 | K17: =I17*$J$5 -> 1869.7088 | M17: =L17*37% -> 0 | N17: =IF(J17=0,"", (K17+M17)/J17) -> 7
A18: 46290 | B18: 6 | C18: 15 | D18: =IF(C18="", "", IF(VLOOKUP(C18, Referensi!$C$5:$E$11, 3, TRUE) > 1, VLOOKUP(C18, Referensi!$C$5:$E$11, 3, TRUE) / 100, VLOOKUP(C18, Referensi!$C$5:$E$11, 3, TRUE))) -> 0.05 | E18: =IF(C18="", "", IF(VLOOKUP(C18, Referensi!$C$5:$F$11, 4, TRUE) > 1, VLOOKUP(C18, Referensi!$C$5:$F$11, 4, TRUE) / 100, VLOOKUP(C18, Referensi!$C$5:$F$11, 4, TRUE))) -> 0.08 | F18: 94 | G18: =IF(C18="","",G17-F18) -> 5385 | H18: =IF(C18="","", C18*G18) -> 80775 | I18: =IF(C18=0,"",AVERAGE(D18:E18)*H18) -> 5250.375 | J18: =I18*$J$6 -> 262.51875 | K18: =I18*$J$5 -> 1837.6312 | M18: =L18*37% -> 0 | N18: =IF(J18=0,"", (K18+M18)/J18) -> 7
A19: 46291 | B19: 7 | C19: 15 | D19: =IF(C19="", "", IF(VLOOKUP(C19, Referensi!$C$5:$E$11, 3, TRUE) > 1, VLOOKUP(C19, Referensi!$C$5:$E$11, 3, TRUE) / 100, VLOOKUP(C19, Referensi!$C$5:$E$11, 3, TRUE))) -> 0.05 | E19: =IF(C19="", "", IF(VLOOKUP(C19, Referensi!$C$5:$F$11, 4, TRUE) > 1, VLOOKUP(C19, Referensi!$C$5:$F$11, 4, TRUE) / 100, VLOOKUP(C19, Referensi!$C$5:$F$11, 4, TRUE))) -> 0.08 | F19: 48 | G19: =IF(C19="","",G18-F19) -> 5337 | H19: =IF(C19="","", C19*G19) -> 80055 | I19: =T19 -> 2133.5 | J19: =I19*$J$6 -> 106.675 | K19: =I19*$J$5 -> 746.725 | M19: =L19*37% -> 0 | N19: =IF(J19=0,"", (K19+M19)/J19) -> 7 | T19: =50%*I15 -> 2133.5
A20: 46292 | B20: 8 | C20: 15 | D20: =IF(C20="", "", IF(VLOOKUP(C20, Referensi!$C$5:$E$11, 3, TRUE) > 1, VLOOKUP(C20, Referensi!$C$5:$E$11, 3, TRUE) / 100, VLOOKUP(C20, Referensi!$C$5:$E$11, 3, TRUE))) -> 0.05 | E20: =IF(C20="", "", IF(VLOOKUP(C20, Referensi!$C$5:$F$11, 4, TRUE) > 1, VLOOKUP(C20, Referensi!$C$5:$F$11, 4, TRUE) / 100, VLOOKUP(C20, Referensi!$C$5:$F$11, 4, TRUE))) -> 0.08 | F20: 73 | G20: =IF(C20="","",G19-F20) -> 5264 | H20: =IF(C20="","", C20*G20) -> 78960 | I20: =IF(C20=0,"",D20*H20) -> 3948 | J20: =I20*$J$6 -> 197.4 | K20: =I20*$J$5 -> 1381.8 | M20: =L20*37% -> 0 | N20: =IF(J20=0,"", (K20+M20)/J20) -> 7
A21: 46293 | B21: 9 | C21: 24 | D21: =IF(C21="", "", IF(VLOOKUP(C21, Referensi!$C$5:$E$11, 3, TRUE) > 1, VLOOKUP(C21, Referensi!$C$5:$E$11, 3, TRUE) / 100, VLOOKUP(C21, Referensi!$C$5:$E$11, 3, TRUE))) -> 0.04 | E21: =IF(C21="", "", IF(VLOOKUP(C21, Referensi!$C$5:$F$11, 4, TRUE) > 1, VLOOKUP(C21, Referensi!$C$5:$F$11, 4, TRUE) / 100, VLOOKUP(C21, Referensi!$C$5:$F$11, 4, TRUE))) -> 0.05 | F21: 33 | G21: =IF(C21="","",G20-F21) -> 5231 | H21: =IF(C21="","", C21*G21) -> 125544 | I21: 0 | J21: =I21*$J$6 -> 0 | K21: =I21*$J$5 -> 0 | M21: =L21*37% -> 0 | N21: =IF(J21=0,"", (K21+M21)/J21)
A22: 46294 | B22: 10 | C22: 24 | D22: =IF(C22="", "", IF(VLOOKUP(C22, Referensi!$C$5:$E$11, 3, TRUE) > 1, VLOOKUP(C22, Referensi!$C$5:$E$11, 3, TRUE) / 100, VLOOKUP(C22, Referensi!$C$5:$E$11, 3, TRUE))) -> 0.04 | E22: =IF(C22="", "", IF(VLOOKUP(C22, Referensi!$C$5:$F$11, 4, TRUE) > 1, VLOOKUP(C22, Referensi!$C$5:$F$11, 4, TRUE) / 100, VLOOKUP(C22, Referensi!$C$5:$F$11, 4, TRUE))) -> 0.05 | F22: 63 | G22: =IF(C22="","",G21-F22) -> 5168 | H22: =IF(C22="","", C22*G22) -> 124032 | I22: =IF(C22=0,"",D22*H22) -> 4961.28 | J22: =I22*$J$6 -> 248.064 | K22: =I22*$J$5 -> 1736.448 | L22: 2000 | M22: =L22*37% -> 740 | N22: =IF(J22=0,"", (K22+M22)/J22) -> 9.9831011 | P22: 7.6 | R22: 5.1 | S22: 29
A23: 46295 | B23: 11 | C23: 24 | D23: =IF(C23="", "", IF(VLOOKUP(C23, Referensi!$C$5:$E$11, 3, TRUE) > 1, VLOOKUP(C23, Referensi!$C$5:$E$11, 3, TRUE) / 100, VLOOKUP(C23, Referensi!$C$5:$E$11, 3, TRUE))) -> 0.04 | E23: =IF(C23="", "", IF(VLOOKUP(C23, Referensi!$C$5:$F$11, 4, TRUE) > 1, VLOOKUP(C23, Referensi!$C$5:$F$11, 4, TRUE) / 100, VLOOKUP(C23, Referensi!$C$5:$F$11, 4, TRUE))) -> 0.05 | F23: 53 | G23: =IF(C23="","",G22-F23) -> 5115 | H23: =IF(C23="","", C23*G23) -> 122760 | I23: =IF(C23=0,"",D23*H23) -> 4910.4 | J23: =I23*$J$6 -> 245.52 | K23: =I23*$J$5 -> 1718.64 | M23: =L23*37% -> 0 | N23: =IF(J23=0,"", (K23+M23)/J23) -> 7
A24: 46296 | B24: 12 | C24: 24 | D24: =IF(C24="", "", IF(VLOOKUP(C24, Referensi!$C$5:$E$11, 3, TRUE) > 1, VLOOKUP(C24, Referensi!$C$5:$E$11, 3, TRUE) / 100, VLOOKUP(C24, Referensi!$C$5:$E$11, 3, TRUE))) -> 0.04 | E24: =IF(C24="", "", IF(VLOOKUP(C24, Referensi!$C$5:$F$11, 4, TRUE) > 1, VLOOKUP(C24, Referensi!$C$5:$F$11, 4, TRUE) / 100, VLOOKUP(C24, Referensi!$C$5:$F$11, 4, TRUE))) -> 0.05 | F24: 99 | G24: =IF(C24="","",G23-F24) -> 5016 | H24: =IF(C24="","", C24*G24) -> 120384 | I24: =IF(C24=0,"",D24*H24) -> 4815.36 | J24: =I24*$J$6 -> 240.768 | K24: =I24*$J$5 -> 1685.376 | M24: =L24*37% -> 0 | N24: =IF(J24=0,"", (K24+M24)/J24) -> 7
A25: 46297 | B25: 13 | D25: =IF(C25="", "", IF(VLOOKUP(C25, Referensi!$C$5:$E$11, 3, TRUE) > 1, VLOOKUP(C25, Referensi!$C$5:$E$11, 3, TRUE) / 100, VLOOKUP(C25, Referensi!$C$5:$E$11, 3, TRUE))) | E25: =IF(C25="", "", IF(VLOOKUP(C25, Referensi!$C$5:$F$11, 4, TRUE) > 1, VLOOKUP(C25, Referensi!$C$5:$F$11, 4, TRUE) / 100, VLOOKUP(C25, Referensi!$C$5:$F$11, 4, TRUE))) | F25: 73 | G25: =IF(C25="","",G24-F25) | H25: =IF(C25="","", C25*G25) | I25: =IF(C25=0,"",D25*H25) | J25: =I25*$J$6 -> 0 | K25: =I25*$J$5 -> 0 | M25: =L25*37% -> 0 | N25: =IF(J25=0,"", (K25+M25)/J25)
A26: 46298 | B26: 14 | D26: =IF(C26="", "", IF(VLOOKUP(C26, Referensi!$C$5:$E$11, 3, TRUE) > 1, VLOOKUP(C26, Referensi!$C$5:$E$11, 3, TRUE) / 100, VLOOKUP(C26, Referensi!$C$5:$E$11, 3, TRUE))) | E26: =IF(C26="", "", IF(VLOOKUP(C26, Referensi!$C$5:$F$11, 4, TRUE) > 1, VLOOKUP(C26, Referensi!$C$5:$F$11, 4, TRUE) / 100, VLOOKUP(C26, Referensi!$C$5:$F$11, 4, TRUE))) | G26: =IF(C26="","",G25-F26) | H26: =IF(C26="","", C26*G26) | I26: =IF(C26=0,"",D26*H26) | J26: =I26*$J$6 -> 0 | K26: =I26*$J$5 -> 0 | M26: =L26*37% -> 0 | N26: =IF(J26=0,"", (K26+M26)/J26)
A27: 46299 | B27: 15 | D27: =IF(C27="", "", IF(VLOOKUP(C27, Referensi!$C$5:$E$11, 3, TRUE) > 1, VLOOKUP(C27, Referensi!$C$5:$E$11, 3, TRUE) / 100, VLOOKUP(C27, Referensi!$C$5:$E$11, 3, TRUE))) | E27: =IF(C27="", "", IF(VLOOKUP(C27, Referensi!$C$5:$F$11, 4, TRUE) > 1, VLOOKUP(C27, Referensi!$C$5:$F$11, 4, TRUE) / 100, VLOOKUP(C27, Referensi!$C$5:$F$11, 4, TRUE))) | G27: =IF(C27="","",G26-F27) | H27: =IF(C27="","", C27*G27) | I27: =IF(C27=0,"",D27*H27) | J27: =I27*$J$6 -> 0 | K27: =I27*$J$5 -> 0 | M27: =L27*37% -> 0 | N27: =IF(J27=0,"", (K27+M27)/J27)
A28: 46300 | B28: 16 | D28: =IF(C28="", "", IF(VLOOKUP(C28, Referensi!$C$5:$E$11, 3, TRUE) > 1, VLOOKUP(C28, Referensi!$C$5:$E$11, 3, TRUE) / 100, VLOOKUP(C28, Referensi!$C$5:$E$11, 3, TRUE))) | E28: =IF(C28="", "", IF(VLOOKUP(C28, Referensi!$C$5:$F$11, 4, TRUE) > 1, VLOOKUP(C28, Referensi!$C$5:$F$11, 4, TRUE) / 100, VLOOKUP(C28, Referensi!$C$5:$F$11, 4, TRUE))) | G28: =IF(C28="","",G27-F28) | H28: =IF(C28="","", C28*G28) | I28: =IF(C28=0,"",D28*H28) | J28: =I28*$J$6 -> 0 | K28: =I28*$J$5 -> 0 | M28: =L28*37% -> 0 | N28: =IF(J28=0,"", (K28+M28)/J28)
B29: 17 | D29: =IF(C29="", "", IF(VLOOKUP(C29, Referensi!$C$5:$E$11, 3, TRUE) > 1, VLOOKUP(C29, Referensi!$C$5:$E$11, 3, TRUE) / 100, VLOOKUP(C29, Referensi!$C$5:$E$11, 3, TRUE))) | E29: =IF(C29="", "", IF(VLOOKUP(C29, Referensi!$C$5:$F$11, 4, TRUE) > 1, VLOOKUP(C29, Referensi!$C$5:$F$11, 4, TRUE) / 100, VLOOKUP(C29, Referensi!$C$5:$F$11, 4, TRUE))) | G29: =IF(C29="","",G28-F29) | H29: =IF(C29="","", C29*G29) | I29: =IF(C29=0,"",D29*H29) | J29: =I29*$J$6 -> 0 | K29: =I29*$J$5 -> 0 | M29: =L29*37% -> 0 | N29: =IF(J29=0,"", (K29+M29)/J29)
B30: 18 | D30: =IF(C30="", "", IF(VLOOKUP(C30, Referensi!$C$5:$E$11, 3, TRUE) > 1, VLOOKUP(C30, Referensi!$C$5:$E$11, 3, TRUE) / 100, VLOOKUP(C30, Referensi!$C$5:$E$11, 3, TRUE))) | E30: =IF(C30="", "", IF(VLOOKUP(C30, Referensi!$C$5:$F$11, 4, TRUE) > 1, VLOOKUP(C30, Referensi!$C$5:$F$11, 4, TRUE) / 100, VLOOKUP(C30, Referensi!$C$5:$F$11, 4, TRUE))) | G30: =IF(C30="","",G29-F30) | H30: =IF(C30="","", C30*G30) | I30: =IF(C30=0,"",D30*H30) | J30: =I30*$J$6 -> 0 | K30: =I30*$J$5 -> 0 | M30: =L30*37% -> 0 | N30: =IF(J30=0,"", (K30+M30)/J30)
B31: 19 | D31: =IF(C31="", "", IF(VLOOKUP(C31, Referensi!$C$5:$E$11, 3, TRUE) > 1, VLOOKUP(C31, Referensi!$C$5:$E$11, 3, TRUE) / 100, VLOOKUP(C31, Referensi!$C$5:$E$11, 3, TRUE))) | E31: =IF(C31="", "", IF(VLOOKUP(C31, Referensi!$C$5:$F$11, 4, TRUE) > 1, VLOOKUP(C31, Referensi!$C$5:$F$11, 4, TRUE) / 100, VLOOKUP(C31, Referensi!$C$5:$F$11, 4, TRUE))) | G31: =IF(C31="","",G30-F31) | H31: =IF(C31="","", C31*G31) | I31: =IF(C31=0,"",D31*H31) | J31: =I31*$J$6 -> 0 | K31: =I31*$J$5 -> 0 | M31: =L31*37% -> 0 | N31: =IF(J31=0,"", (K31+M31)/J31)
B32: 20 | D32: =IF(C32="", "", IF(VLOOKUP(C32, Referensi!$C$5:$E$11, 3, TRUE) > 1, VLOOKUP(C32, Referensi!$C$5:$E$11, 3, TRUE) / 100, VLOOKUP(C32, Referensi!$C$5:$E$11, 3, TRUE))) | E32: =IF(C32="", "", IF(VLOOKUP(C32, Referensi!$C$5:$F$11, 4, TRUE) > 1, VLOOKUP(C32, Referensi!$C$5:$F$11, 4, TRUE) / 100, VLOOKUP(C32, Referensi!$C$5:$F$11, 4, TRUE))) | G32: =IF(C32="","",G31-F32) | H32: =IF(C32="","", C32*G32) | I32: =IF(C32=0,"",D32*H32) | J32: =I32*$J$6 -> 0 | K32: =I32*$J$5 -> 0 | M32: =L32*37% -> 0 | N32: =IF(J32=0,"", (K32+M32)/J32)
B33: 21 | D33: =IF(C33="", "", IF(VLOOKUP(C33, Referensi!$C$5:$E$11, 3, TRUE) > 1, VLOOKUP(C33, Referensi!$C$5:$E$11, 3, TRUE) / 100, VLOOKUP(C33, Referensi!$C$5:$E$11, 3, TRUE))) | E33: =IF(C33="", "", IF(VLOOKUP(C33, Referensi!$C$5:$F$11, 4, TRUE) > 1, VLOOKUP(C33, Referensi!$C$5:$F$11, 4, TRUE) / 100, VLOOKUP(C33, Referensi!$C$5:$F$11, 4, TRUE))) | G33: =IF(C33="","",G32-F33) | H33: =IF(C33="","", C33*G33) | I33: =IF(C33=0,"",D33*H33) | J33: =I33*$J$6 -> 0 | K33: =I33*$J$5 -> 0 | M33: =L33*37% -> 0 | N33: =IF(J33=0,"", (K33+M33)/J33)
B34: 22 | D34: =IF(C34="", "", IF(VLOOKUP(C34, Referensi!$C$5:$E$11, 3, TRUE) > 1, VLOOKUP(C34, Referensi!$C$5:$E$11, 3, TRUE) / 100, VLOOKUP(C34, Referensi!$C$5:$E$11, 3, TRUE))) | E34: =IF(C34="", "", IF(VLOOKUP(C34, Referensi!$C$5:$F$11, 4, TRUE) > 1, VLOOKUP(C34, Referensi!$C$5:$F$11, 4, TRUE) / 100, VLOOKUP(C34, Referensi!$C$5:$F$11, 4, TRUE))) | G34: =IF(C34="","",G33-F34) | H34: =IF(C34="","", C34*G34) | I34: =IF(C34=0,"",D34*H34) | J34: =I34*$J$6 -> 0 | K34: =I34*$J$5 -> 0 | M34: =L34*37% -> 0 | N34: =IF(J34=0,"", (K34+M34)/J34)
B35: 23 | D35: =IF(C35="", "", IF(VLOOKUP(C35, Referensi!$C$5:$E$11, 3, TRUE) > 1, VLOOKUP(C35, Referensi!$C$5:$E$11, 3, TRUE) / 100, VLOOKUP(C35, Referensi!$C$5:$E$11, 3, TRUE))) | E35: =IF(C35="", "", IF(VLOOKUP(C35, Referensi!$C$5:$F$11, 4, TRUE) > 1, VLOOKUP(C35, Referensi!$C$5:$F$11, 4, TRUE) / 100, VLOOKUP(C35, Referensi!$C$5:$F$11, 4, TRUE))) | G35: =IF(C35="","",G34-F35) | H35: =IF(C35="","", C35*G35) | I35: =IF(C35=0,"",D35*H35) | J35: =I35*$J$6 -> 0 | K35: =I35*$J$5 -> 0 | M35: =L35*37% -> 0 | N35: =IF(J35=0,"", (K35+M35)/J35)
B36: 24 | D36: =IF(C36="", "", IF(VLOOKUP(C36, Referensi!$C$5:$E$11, 3, TRUE) > 1, VLOOKUP(C36, Referensi!$C$5:$E$11, 3, TRUE) / 100, VLOOKUP(C36, Referensi!$C$5:$E$11, 3, TRUE))) | E36: =IF(C36="", "", IF(VLOOKUP(C36, Referensi!$C$5:$F$11, 4, TRUE) > 1, VLOOKUP(C36, Referensi!$C$5:$F$11, 4, TRUE) / 100, VLOOKUP(C36, Referensi!$C$5:$F$11, 4, TRUE))) | G36: =IF(C36="","",G35-F36) | H36: =IF(C36="","", C36*G36) | I36: =IF(C36=0,"",D36*H36) | J36: =I36*$J$6 -> 0 | K36: =I36*$J$5 -> 0 | M36: =L36*37% -> 0 | N36: =IF(J36=0,"", (K36+M36)/J36)
B37: 25 | D37: =IF(C37="", "", IF(VLOOKUP(C37, Referensi!$C$5:$E$11, 3, TRUE) > 1, VLOOKUP(C37, Referensi!$C$5:$E$11, 3, TRUE) / 100, VLOOKUP(C37, Referensi!$C$5:$E$11, 3, TRUE))) | E37: =IF(C37="", "", IF(VLOOKUP(C37, Referensi!$C$5:$F$11, 4, TRUE) > 1, VLOOKUP(C37, Referensi!$C$5:$F$11, 4, TRUE) / 100, VLOOKUP(C37, Referensi!$C$5:$F$11, 4, TRUE))) | G37: =IF(C37="","",G36-F37) | H37: =IF(C37="","", C37*G37) | I37: =IF(C37=0,"",D37*H37) | J37: =I37*$J$6 -> 0 | K37: =I37*$J$5 -> 0 | M37: =L37*37% -> 0 | N37: =IF(J37=0,"", (K37+M37)/J37)
B38: 26 | D38: =IF(C38="", "", IF(VLOOKUP(C38, Referensi!$C$5:$E$11, 3, TRUE) > 1, VLOOKUP(C38, Referensi!$C$5:$E$11, 3, TRUE) / 100, VLOOKUP(C38, Referensi!$C$5:$E$11, 3, TRUE))) | E38: =IF(C38="", "", IF(VLOOKUP(C38, Referensi!$C$5:$F$11, 4, TRUE) > 1, VLOOKUP(C38, Referensi!$C$5:$F$11, 4, TRUE) / 100, VLOOKUP(C38, Referensi!$C$5:$F$11, 4, TRUE))) | G38: =IF(C38="","",G37-F38) | H38: =IF(C38="","", C38*G38) | I38: =IF(C38=0,"",D38*H38) | J38: =I38*$J$6 -> 0 | K38: =I38*$J$5 -> 0 | M38: =L38*37% -> 0 | N38: =IF(J38=0,"", (K38+M38)/J38)
B39: 27 | D39: =IF(C39="", "", IF(VLOOKUP(C39, Referensi!$C$5:$E$11, 3, TRUE) > 1, VLOOKUP(C39, Referensi!$C$5:$E$11, 3, TRUE) / 100, VLOOKUP(C39, Referensi!$C$5:$E$11, 3, TRUE))) | E39: =IF(C39="", "", IF(VLOOKUP(C39, Referensi!$C$5:$F$11, 4, TRUE) > 1, VLOOKUP(C39, Referensi!$C$5:$F$11, 4, TRUE) / 100, VLOOKUP(C39, Referensi!$C$5:$F$11, 4, TRUE))) | G39: =IF(C39="","",G38-F39) | H39: =IF(C39="","", C39*G39) | I39: =IF(C39=0,"",D39*H39) | J39: =I39*$J$6 -> 0 | K39: =I39*$J$5 -> 0 | M39: =L39*37% -> 0 | N39: =IF(J39=0,"", (K39+M39)/J39)
B40: 28 | D40: =IF(C40="", "", IF(VLOOKUP(C40, Referensi!$C$5:$E$11, 3, TRUE) > 1, VLOOKUP(C40, Referensi!$C$5:$E$11, 3, TRUE) / 100, VLOOKUP(C40, Referensi!$C$5:$E$11, 3, TRUE))) | E40: =IF(C40="", "", IF(VLOOKUP(C40, Referensi!$C$5:$F$11, 4, TRUE) > 1, VLOOKUP(C40, Referensi!$C$5:$F$11, 4, TRUE) / 100, VLOOKUP(C40, Referensi!$C$5:$F$11, 4, TRUE))) | G40: =IF(C40="","",G39-F40) | H40: =IF(C40="","", C40*G40) | I40: =IF(C40=0,"",D40*H40) | J40: =I40*$J$6 -> 0 | K40: =I40*$J$5 -> 0 | M40: =L40*37% -> 0 | N40: =IF(J40=0,"", (K40+M40)/J40)
... B164: 152 | D164: =IF(C164="", "", IF(VLOOKUP(C164, Referensi!$C$5:$E$11, 3, TRUE) > 1, VLOOKUP(C164, Referensi!$C$5:$E$11, 3, TRUE) / 100, VLOOKUP(C164, Referensi!$C$5:$E$11, 3, TRUE))) | E164: =IF(C164="", "", IF(VLOOKUP(C164, Referensi!$C$5:$F$11, 4, TRUE) > 1, VLOOKUP(C164, Referensi!$C$5:$F$11, 4, TRUE) / 100, VLOOKUP(C164, Referensi!$C$5:$F$11, 4, TRUE))) | G164: =IF(C164="","",G163-F164) | H164: =IF(C164="","", C164*G164) | I164: =IF(C164=0,"",D164*H164) | J164: =I164*$J$6 -> 0 | K164: =I164*$J$5 -> 0 | M164: =L164*37% -> 0 | N164: =IF(J164=0,"", (K164+M164)/J164)

Sheet Kolam B6
B2: PENCATATAN KOLAM B6 | F2: Tanggal Tebar | G2: 22-Sept-2026 | I2: Asal Bibit | J2: Cibinong | M2: Pakan | N2: Safir
B4: Jumlah Bibit | D4: 4900 | F4: Biomasa Awal | G4: =C13*D4 -> 24500 | I4: Protein | J4: 0.32 | M4: Puasa | N4: 6:1
B5: Total Kematian | D5: =SUM(F13:F164) -> 291 | F5: Total Pakan | G5: =SUM(I13:I164) -> 12209.7 | I5: Carbon | J5: 0.35
B6: Populasi Saat Ini | D6: =D4-D5 -> 4609 | F6: Total Biomasa | G6: =IFERROR(__xludf.DUMMYFUNCTION("IFERROR(CHOOSEROWS(FILTER(H13:H161, LEN(H13:H161) > 0, H13:H161 <> 0), -1), ""Data Masih Kosong"") "),27852.0) -> 27852 | I6: Nitrogen | J6: 0.05
B7: Survival Rate (SR) | D7: =D6/D4 -> 0.94061224 | F7: FCR | G7: =IFERROR(G5/(G6-G4),0) -> 3.6425119
B8: Volume Kolam (M3) | D8: 7 | F8: Feeding Rate | G8: =IF(G6=0,"",J8*G6) -> 1392.6 | I8: FR | J8: =IFERROR(__xludf.DUMMYFUNCTION("IFERROR(CHOOSEROWS(FILTER(D13:D161, LEN(D13:D161) > 0, D13:D161 <> 0), -1), 0)"),0.05) -> 0.05
B10: DOC | C10: Berat Rata-Rata (gr) | D10: FR (%) | F10: Kematian | G10: Populasi | H10: Biomassa (gr) | I10: Feeding Rate (gr) | J10: Pakan | L10: Molase | N10: CN Ratio | O10: Intensitas Flok | P10: PH | Q10: TDS | R10: DO | S10: Temp | T10: Actual Pakan | U10: Additional Treatment
D11: Min | E11: Max | J11: N | K11: C | L11: Berat (gr) | M11: C
A13: 46289 | B13: 1 | C13: 5 | D13: =IF(C13="", "", IF(VLOOKUP(C13, Referensi!$C$5:$E$11, 3, TRUE) > 1, VLOOKUP(C13, Referensi!$C$5:$E$11, 3, TRUE) / 100, VLOOKUP(C13, Referensi!$C$5:$E$11, 3, TRUE))) -> 0.08 | E13: =IF(C13="", "", IF(VLOOKUP(C13, Referensi!$C$5:$F$11, 4, TRUE) > 1, VLOOKUP(C13, Referensi!$C$5:$F$11, 4, TRUE) / 100, VLOOKUP(C13, Referensi!$C$5:$F$11, 4, TRUE))) -> 0.1 | F13: 25 | G13: =$D$4-F13 -> 4875 | H13: =C13*G13 -> 24375 | I13: 0 | J13: =I13*$J$6 -> 0 | K13: =I13*$J$5 -> 0 | L13: 0 | M13: =L13*37% -> 0 | N13: =IF(J13=0,"", (K13+M13)/J13)
A14: 46290 | B14: 2 | C14: 5 | D14: =IF(C14="", "", IF(VLOOKUP(C14, Referensi!$C$5:$E$11, 3, TRUE) > 1, VLOOKUP(C14, Referensi!$C$5:$E$11, 3, TRUE) / 100, VLOOKUP(C14, Referensi!$C$5:$E$11, 3, TRUE))) -> 0.08 | E14: =IF(C14="", "", IF(VLOOKUP(C14, Referensi!$C$5:$F$11, 4, TRUE) > 1, VLOOKUP(C14, Referensi!$C$5:$F$11, 4, TRUE) / 100, VLOOKUP(C14, Referensi!$C$5:$F$11, 4, TRUE))) -> 0.1 | F14: 36 | G14: =IF(C14="","",G13-F14) -> 4839 | H14: =IF(C14="","", C14*G14) -> 24195 | I14: 0 | J14: =I14*$J$6 -> 0 | K14: =I14*$J$5 -> 0 | M14: =L14*37% -> 0 | N14: =IF(J14=0,"", (K14+M14)/J14)
A15: 46291 | B15: 3 | C15: 5 | D15: =IF(C15="", "", IF(VLOOKUP(C15, Referensi!$C$5:$E$11, 3, TRUE) > 1, VLOOKUP(C15, Referensi!$C$5:$E$11, 3, TRUE) / 100, VLOOKUP(C15, Referensi!$C$5:$E$11, 3, TRUE))) -> 0.08 | E15: =IF(C15="", "", IF(VLOOKUP(C15, Referensi!$C$5:$F$11, 4, TRUE) > 1, VLOOKUP(C15, Referensi!$C$5:$F$11, 4, TRUE) / 100, VLOOKUP(C15, Referensi!$C$5:$F$11, 4, TRUE))) -> 0.1 | F15: 39 | G15: =IF(C15="","",G14-F15) -> 4800 | H15: =IF(C15="","", C15*G15) -> 24000 | I15: =IF(C15=0,"",AVERAGE(D15:E15)*H15) -> 2160 | J15: =I15*$J$6 -> 108 | K15: =I15*$J$5 -> 756 | M15: =L15*37% -> 0 | N15: =IF(J15=0,"", (K15+M15)/J15) -> 7 | P15: 8.8 | R15: 6.4 | S15: 29.4
A16: 46292 | B16: 4 | C16: 5 | D16: =IF(C16="", "", IF(VLOOKUP(C16, Referensi!$C$5:$E$11, 3, TRUE) > 1, VLOOKUP(C16, Referensi!$C$5:$E$11, 3, TRUE) / 100, VLOOKUP(C16, Referensi!$C$5:$E$11, 3, TRUE))) -> 0.08 | E16: =IF(C16="", "", IF(VLOOKUP(C16, Referensi!$C$5:$F$11, 4, TRUE) > 1, VLOOKUP(C16, Referensi!$C$5:$F$11, 4, TRUE) / 100, VLOOKUP(C16, Referensi!$C$5:$F$11, 4, TRUE))) -> 0.1 | F16: 33 | G16: =IF(C16="","",G15-F16) -> 4767 | H16: =IF(C16="","", C16*G16) -> 23835 | I16: =IF(C16=0,"",AVERAGE(D16:E16)*H16) -> 2145.15 | J16: =I16*$J$6 -> 107.2575 | K16: =I16*$J$5 -> 750.8025 | M16: =L16*37% -> 0 | N16: =IF(J16=0,"", (K16+M16)/J16) -> 7
A17: 46293 | B17: 5 | C17: 5 | D17: =IF(C17="", "", IF(VLOOKUP(C17, Referensi!$C$5:$E$11, 3, TRUE) > 1, VLOOKUP(C17, Referensi!$C$5:$E$11, 3, TRUE) / 100, VLOOKUP(C17, Referensi!$C$5:$E$11, 3, TRUE))) -> 0.08 | E17: =IF(C17="", "", IF(VLOOKUP(C17, Referensi!$C$5:$F$11, 4, TRUE) > 1, VLOOKUP(C17, Referensi!$C$5:$F$11, 4, TRUE) / 100, VLOOKUP(C17, Referensi!$C$5:$F$11, 4, TRUE))) -> 0.1 | F17: 27 | G17: =IF(C17="","",G16-F17) -> 4740 | H17: =IF(C17="","", C17*G17) -> 23700 | I17: =IF(C17=0,"",AVERAGE(D17:E17)*H17) -> 2133 | J17: =I17*$J$6 -> 106.65 | K17: =I17*$J$5 -> 746.55 | M17: =L17*37% -> 0 | N17: =IF(J17=0,"", (K17+M17)/J17) -> 7
A18: 46294 | B18: 6 | C18: 5 | D18: =IF(C18="", "", IF(VLOOKUP(C18, Referensi!$C$5:$E$11, 3, TRUE) > 1, VLOOKUP(C18, Referensi!$C$5:$E$11, 3, TRUE) / 100, VLOOKUP(C18, Referensi!$C$5:$E$11, 3, TRUE))) -> 0.08 | E18: =IF(C18="", "", IF(VLOOKUP(C18, Referensi!$C$5:$F$11, 4, TRUE) > 1, VLOOKUP(C18, Referensi!$C$5:$F$11, 4, TRUE) / 100, VLOOKUP(C18, Referensi!$C$5:$F$11, 4, TRUE))) -> 0.1 | F18: 9 | G18: =IF(C18="","",G17-F18) -> 4731 | H18: =IF(C18="","", C18*G18) -> 23655 | I18: =IF(C18=0,"",AVERAGE(D18:E18)*H18) -> 2128.95 | J18: =I18*$J$6 -> 106.4475 | K18: =I18*$J$5 -> 745.1325 | M18: =L18*37% -> 0 | N18: =IF(J18=0,"", (K18+M18)/J18) -> 7 | P18: 7.6 | R18: 4.9 | S18: 31
A19: 46295 | B19: 7 | C19: 6 | D19: =IF(C19="", "", IF(VLOOKUP(C19, Referensi!$C$5:$E$11, 3, TRUE) > 1, VLOOKUP(C19, Referensi!$C$5:$E$11, 3, TRUE) / 100, VLOOKUP(C19, Referensi!$C$5:$E$11, 3, TRUE))) -> 0.05 | E19: =IF(C19="", "", IF(VLOOKUP(C19, Referensi!$C$5:$F$11, 4, TRUE) > 1, VLOOKUP(C19, Referensi!$C$5:$F$11, 4, TRUE) / 100, VLOOKUP(C19, Referensi!$C$5:$F$11, 4, TRUE))) -> 0.08 | F19: 33 | G19: =IF(C19="","",G18-F19) -> 4698 | H19: =IF(C19="","", C19*G19) -> 28188 | I19: =IF(C19=0,"",AVERAGE(D19:E19)*H19) -> 1832.22 | J19: =I19*$J$6 -> 91.611 | K19: =I19*$J$5 -> 641.277 | M19: =L19*37% -> 0 | N19: =IF(J19=0,"", (K19+M19)/J19) -> 7
A20: 46296 | B20: 8 | C20: 6 | D20: =IF(C20="", "", IF(VLOOKUP(C20, Referensi!$C$5:$E$11, 3, TRUE) > 1, VLOOKUP(C20, Referensi!$C$5:$E$11, 3, TRUE) / 100, VLOOKUP(C20, Referensi!$C$5:$E$11, 3, TRUE))) -> 0.05 | E20: =IF(C20="", "", IF(VLOOKUP(C20, Referensi!$C$5:$F$11, 4, TRUE) > 1, VLOOKUP(C20, Referensi!$C$5:$F$11, 4, TRUE) / 100, VLOOKUP(C20, Referensi!$C$5:$F$11, 4, TRUE))) -> 0.08 | F20: 56 | G20: =IF(C20="","",G19-F20) -> 4642 | H20: =IF(C20="","", C20*G20) -> 27852 | I20: =IF(C20=0,"",AVERAGE(D20:E20)*H20) -> 1810.38 | J20: =I20*$J$6 -> 90.519 | K20: =I20*$J$5 -> 633.633 | M20: =L20*37% -> 0 | N20: =IF(J20=0,"", (K20+M20)/J20) -> 7 | T20: =1409-103 -> 1306
A21: 46297 | B21: 9 | D21: =IF(C21="", "", IF(VLOOKUP(C21, Referensi!$C$5:$E$11, 3, TRUE) > 1, VLOOKUP(C21, Referensi!$C$5:$E$11, 3, TRUE) / 100, VLOOKUP(C21, Referensi!$C$5:$E$11, 3, TRUE))) | E21: =IF(C21="", "", IF(VLOOKUP(C21, Referensi!$C$5:$F$11, 4, TRUE) > 1, VLOOKUP(C21, Referensi!$C$5:$F$11, 4, TRUE) / 100, VLOOKUP(C21, Referensi!$C$5:$F$11, 4, TRUE))) | F21: 33 | G21: =IF(C21="","",G20-F21) | H21: =IF(C21="","", C21*G21) | I21: =IF(C21=0,"",AVERAGE(D21:E21)*H21) | J21: =I21*$J$6 -> 0 | K21: =I21*$J$5 -> 0 | M21: =L21*37% -> 0 | N21: =IF(J21=0,"", (K21+M21)/J21)
A22: 46298 | B22: 10 | D22: =IF(C22="", "", IF(VLOOKUP(C22, Referensi!$C$5:$E$11, 3, TRUE) > 1, VLOOKUP(C22, Referensi!$C$5:$E$11, 3, TRUE) / 100, VLOOKUP(C22, Referensi!$C$5:$E$11, 3, TRUE))) | E22: =IF(C22="", "", IF(VLOOKUP(C22, Referensi!$C$5:$F$11, 4, TRUE) > 1, VLOOKUP(C22, Referensi!$C$5:$F$11, 4, TRUE) / 100, VLOOKUP(C22, Referensi!$C$5:$F$11, 4, TRUE))) | G22: =IF(C22="","",G21-F22) | H22: =IF(C22="","", C22*G22) | I22: =IF(C22=0,"",AVERAGE(D22:E22)*H22) | J22: =I22*$J$6 -> 0 | K22: =I22*$J$5 -> 0 | M22: =L22*37% -> 0 | N22: =IF(J22=0,"", (K22+M22)/J22)
A23: 46299 | B23: 11 | D23: =IF(C23="", "", IF(VLOOKUP(C23, Referensi!$C$5:$E$11, 3, TRUE) > 1, VLOOKUP(C23, Referensi!$C$5:$E$11, 3, TRUE) / 100, VLOOKUP(C23, Referensi!$C$5:$E$11, 3, TRUE))) | E23: =IF(C23="", "", IF(VLOOKUP(C23, Referensi!$C$5:$F$11, 4, TRUE) > 1, VLOOKUP(C23, Referensi!$C$5:$F$11, 4, TRUE) / 100, VLOOKUP(C23, Referensi!$C$5:$F$11, 4, TRUE))) | G23: =IF(C23="","",G22-F23) | H23: =IF(C23="","", C23*G23) | I23: =IF(C23=0,"",AVERAGE(D23:E23)*H23) | J23: =I23*$J$6 -> 0 | K23: =I23*$J$5 -> 0 | M23: =L23*37% -> 0 | N23: =IF(J23=0,"", (K23+M23)/J23)
A24: 46300 | B24: 12 | D24: =IF(C24="", "", IF(VLOOKUP(C24, Referensi!$C$5:$E$11, 3, TRUE) > 1, VLOOKUP(C24, Referensi!$C$5:$E$11, 3, TRUE) / 100, VLOOKUP(C24, Referensi!$C$5:$E$11, 3, TRUE))) | E24: =IF(C24="", "", IF(VLOOKUP(C24, Referensi!$C$5:$F$11, 4, TRUE) > 1, VLOOKUP(C24, Referensi!$C$5:$F$11, 4, TRUE) / 100, VLOOKUP(C24, Referensi!$C$5:$F$11, 4, TRUE))) | G24: =IF(C24="","",G23-F24) | H24: =IF(C24="","", C24*G24) | I24: =IF(C24=0,"",AVERAGE(D24:E24)*H24) | J24: =I24*$J$6 -> 0 | K24: =I24*$J$5 -> 0 | M24: =L24*37% -> 0 | N24: =IF(J24=0,"", (K24+M24)/J24)
A25: 46301 | B25: 13 | D25: =IF(C25="", "", IF(VLOOKUP(C25, Referensi!$C$5:$E$11, 3, TRUE) > 1, VLOOKUP(C25, Referensi!$C$5:$E$11, 3, TRUE) / 100, VLOOKUP(C25, Referensi!$C$5:$E$11, 3, TRUE))) | E25: =IF(C25="", "", IF(VLOOKUP(C25, Referensi!$C$5:$F$11, 4, TRUE) > 1, VLOOKUP(C25, Referensi!$C$5:$F$11, 4, TRUE) / 100, VLOOKUP(C25, Referensi!$C$5:$F$11, 4, TRUE))) | G25: =IF(C25="","",G24-F25) | H25: =IF(C25="","", C25*G25) | I25: =IF(C25=0,"",AVERAGE(D25:E25)*H25) | J25: =I25*$J$6 -> 0 | K25: =I25*$J$5 -> 0 | M25: =L25*37% -> 0 | N25: =IF(J25=0,"", (K25+M25)/J25)
A26: 46302 | B26: 14 | D26: =IF(C26="", "", IF(VLOOKUP(C26, Referensi!$C$5:$E$11, 3, TRUE) > 1, VLOOKUP(C26, Referensi!$C$5:$E$11, 3, TRUE) / 100, VLOOKUP(C26, Referensi!$C$5:$E$11, 3, TRUE))) | E26: =IF(C26="", "", IF(VLOOKUP(C26, Referensi!$C$5:$F$11, 4, TRUE) > 1, VLOOKUP(C26, Referensi!$C$5:$F$11, 4, TRUE) / 100, VLOOKUP(C26, Referensi!$C$5:$F$11, 4, TRUE))) | G26: =IF(C26="","",G25-F26) | H26: =IF(C26="","", C26*G26) | I26: =IF(C26=0,"",AVERAGE(D26:E26)*H26) | J26: =I26*$J$6 -> 0 | K26: =I26*$J$5 -> 0 | M26: =L26*37% -> 0 | N26: =IF(J26=0,"", (K26+M26)/J26)
A27: 46303 | B27: 15 | D27: =IF(C27="", "", IF(VLOOKUP(C27, Referensi!$C$5:$E$11, 3, TRUE) > 1, VLOOKUP(C27, Referensi!$C$5:$E$11, 3, TRUE) / 100, VLOOKUP(C27, Referensi!$C$5:$E$11, 3, TRUE))) | E27: =IF(C27="", "", IF(VLOOKUP(C27, Referensi!$C$5:$F$11, 4, TRUE) > 1, VLOOKUP(C27, Referensi!$C$5:$F$11, 4, TRUE) / 100, VLOOKUP(C27, Referensi!$C$5:$F$11, 4, TRUE))) | G27: =IF(C27="","",G26-F27) | H27: =IF(C27="","", C27*G27) | I27: =IF(C27=0,"",AVERAGE(D27:E27)*H27) | J27: =I27*$J$6 -> 0 | K27: =I27*$J$5 -> 0 | M27: =L27*37% -> 0 | N27: =IF(J27=0,"", (K27+M27)/J27)
A28: 46304 | B28: 16 | D28: =IF(C28="", "", IF(VLOOKUP(C28, Referensi!$C$5:$E$11, 3, TRUE) > 1, VLOOKUP(C28, Referensi!$C$5:$E$11, 3, TRUE) / 100, VLOOKUP(C28, Referensi!$C$5:$E$11, 3, TRUE))) | E28: =IF(C28="", "", IF(VLOOKUP(C28, Referensi!$C$5:$F$11, 4, TRUE) > 1, VLOOKUP(C28, Referensi!$C$5:$F$11, 4, TRUE) / 100, VLOOKUP(C28, Referensi!$C$5:$F$11, 4, TRUE))) | G28: =IF(C28="","",G27-F28) | H28: =IF(C28="","", C28*G28) | I28: =IF(C28=0,"",AVERAGE(D28:E28)*H28) | J28: =I28*$J$6 -> 0 | K28: =I28*$J$5 -> 0 | M28: =L28*37% -> 0 | N28: =IF(J28=0,"", (K28+M28)/J28)
B29: 17 | D29: =IF(C29="", "", IF(VLOOKUP(C29, Referensi!$C$5:$E$11, 3, TRUE) > 1, VLOOKUP(C29, Referensi!$C$5:$E$11, 3, TRUE) / 100, VLOOKUP(C29, Referensi!$C$5:$E$11, 3, TRUE))) | E29: =IF(C29="", "", IF(VLOOKUP(C29, Referensi!$C$5:$F$11, 4, TRUE) > 1, VLOOKUP(C29, Referensi!$C$5:$F$11, 4, TRUE) / 100, VLOOKUP(C29, Referensi!$C$5:$F$11, 4, TRUE))) | G29: =IF(C29="","",G28-F29) | H29: =IF(C29="","", C29*G29) | I29: =IF(C29=0,"",AVERAGE(D29:E29)*H29) | J29: =I29*$J$6 -> 0 | K29: =I29*$J$5 -> 0 | M29: =L29*37% -> 0 | N29: =IF(J29=0,"", (K29+M29)/J29)
B30: 18 | D30: =IF(C30="", "", IF(VLOOKUP(C30, Referensi!$C$5:$E$11, 3, TRUE) > 1, VLOOKUP(C30, Referensi!$C$5:$E$11, 3, TRUE) / 100, VLOOKUP(C30, Referensi!$C$5:$E$11, 3, TRUE))) | E30: =IF(C30="", "", IF(VLOOKUP(C30, Referensi!$C$5:$F$11, 4, TRUE) > 1, VLOOKUP(C30, Referensi!$C$5:$F$11, 4, TRUE) / 100, VLOOKUP(C30, Referensi!$C$5:$F$11, 4, TRUE))) | G30: =IF(C30="","",G29-F30) | H30: =IF(C30="","", C30*G30) | I30: =IF(C30=0,"",AVERAGE(D30:E30)*H30) | J30: =I30*$J$6 -> 0 | K30: =I30*$J$5 -> 0 | M30: =L30*37% -> 0 | N30: =IF(J30=0,"", (K30+M30)/J30)
B31: 19 | D31: =IF(C31="", "", IF(VLOOKUP(C31, Referensi!$C$5:$E$11, 3, TRUE) > 1, VLOOKUP(C31, Referensi!$C$5:$E$11, 3, TRUE) / 100, VLOOKUP(C31, Referensi!$C$5:$E$11, 3, TRUE))) | E31: =IF(C31="", "", IF(VLOOKUP(C31, Referensi!$C$5:$F$11, 4, TRUE) > 1, VLOOKUP(C31, Referensi!$C$5:$F$11, 4, TRUE) / 100, VLOOKUP(C31, Referensi!$C$5:$F$11, 4, TRUE))) | G31: =IF(C31="","",G30-F31) | H31: =IF(C31="","", C31*G31) | I31: =IF(C31=0,"",AVERAGE(D31:E31)*H31) | J31: =I31*$J$6 -> 0 | K31: =I31*$J$5 -> 0 | M31: =L31*37% -> 0 | N31: =IF(J31=0,"", (K31+M31)/J31)
B32: 20 | D32: =IF(C32="", "", IF(VLOOKUP(C32, Referensi!$C$5:$E$11, 3, TRUE) > 1, VLOOKUP(C32, Referensi!$C$5:$E$11, 3, TRUE) / 100, VLOOKUP(C32, Referensi!$C$5:$E$11, 3, TRUE))) | E32: =IF(C32="", "", IF(VLOOKUP(C32, Referensi!$C$5:$F$11, 4, TRUE) > 1, VLOOKUP(C32, Referensi!$C$5:$F$11, 4, TRUE) / 100, VLOOKUP(C32, Referensi!$C$5:$F$11, 4, TRUE))) | G32: =IF(C32="","",G31-F32) | H32: =IF(C32="","", C32*G32) | I32: =IF(C32=0,"",AVERAGE(D32:E32)*H32) | J32: =I32*$J$6 -> 0 | K32: =I32*$J$5 -> 0 | M32: =L32*37% -> 0 | N32: =IF(J32=0,"", (K32+M32)/J32)
B33: 21 | D33: =IF(C33="", "", IF(VLOOKUP(C33, Referensi!$C$5:$E$11, 3, TRUE) > 1, VLOOKUP(C33, Referensi!$C$5:$E$11, 3, TRUE) / 100, VLOOKUP(C33, Referensi!$C$5:$E$11, 3, TRUE))) | E33: =IF(C33="", "", IF(VLOOKUP(C33, Referensi!$C$5:$F$11, 4, TRUE) > 1, VLOOKUP(C33, Referensi!$C$5:$F$11, 4, TRUE) / 100, VLOOKUP(C33, Referensi!$C$5:$F$11, 4, TRUE))) | G33: =IF(C33="","",G32-F33) | H33: =IF(C33="","", C33*G33) | I33: =IF(C33=0,"",AVERAGE(D33:E33)*H33) | J33: =I33*$J$6 -> 0 | K33: =I33*$J$5 -> 0 | M33: =L33*37% -> 0 | N33: =IF(J33=0,"", (K33+M33)/J33)
B34: 22 | D34: =IF(C34="", "", IF(VLOOKUP(C34, Referensi!$C$5:$E$11, 3, TRUE) > 1, VLOOKUP(C34, Referensi!$C$5:$E$11, 3, TRUE) / 100, VLOOKUP(C34, Referensi!$C$5:$E$11, 3, TRUE))) | E34: =IF(C34="", "", IF(VLOOKUP(C34, Referensi!$C$5:$F$11, 4, TRUE) > 1, VLOOKUP(C34, Referensi!$C$5:$F$11, 4, TRUE) / 100, VLOOKUP(C34, Referensi!$C$5:$F$11, 4, TRUE))) | G34: =IF(C34="","",G33-F34) | H34: =IF(C34="","", C34*G34) | I34: =IF(C34=0,"",AVERAGE(D34:E34)*H34) | J34: =I34*$J$6 -> 0 | K34: =I34*$J$5 -> 0 | M34: =L34*37% -> 0 | N34: =IF(J34=0,"", (K34+M34)/J34)
B35: 23 | D35: =IF(C35="", "", IF(VLOOKUP(C35, Referensi!$C$5:$E$11, 3, TRUE) > 1, VLOOKUP(C35, Referensi!$C$5:$E$11, 3, TRUE) / 100, VLOOKUP(C35, Referensi!$C$5:$E$11, 3, TRUE))) | E35: =IF(C35="", "", IF(VLOOKUP(C35, Referensi!$C$5:$F$11, 4, TRUE) > 1, VLOOKUP(C35, Referensi!$C$5:$F$11, 4, TRUE) / 100, VLOOKUP(C35, Referensi!$C$5:$F$11, 4, TRUE))) | G35: =IF(C35="","",G34-F35) | H35: =IF(C35="","", C35*G35) | I35: =IF(C35=0,"",AVERAGE(D35:E35)*H35) | J35: =I35*$J$6 -> 0 | K35: =I35*$J$5 -> 0 | M35: =L35*37% -> 0 | N35: =IF(J35=0,"", (K35+M35)/J35)
B36: 24 | D36: =IF(C36="", "", IF(VLOOKUP(C36, Referensi!$C$5:$E$11, 3, TRUE) > 1, VLOOKUP(C36, Referensi!$C$5:$E$11, 3, TRUE) / 100, VLOOKUP(C36, Referensi!$C$5:$E$11, 3, TRUE))) | E36: =IF(C36="", "", IF(VLOOKUP(C36, Referensi!$C$5:$F$11, 4, TRUE) > 1, VLOOKUP(C36, Referensi!$C$5:$F$11, 4, TRUE) / 100, VLOOKUP(C36, Referensi!$C$5:$F$11, 4, TRUE))) | G36: =IF(C36="","",G35-F36) | H36: =IF(C36="","", C36*G36) | I36: =IF(C36=0,"",AVERAGE(D36:E36)*H36) | J36: =I36*$J$6 -> 0 | K36: =I36*$J$5 -> 0 | M36: =L36*37% -> 0 | N36: =IF(J36=0,"", (K36+M36)/J36)
B37: 25 | D37: =IF(C37="", "", IF(VLOOKUP(C37, Referensi!$C$5:$E$11, 3, TRUE) > 1, VLOOKUP(C37, Referensi!$C$5:$E$11, 3, TRUE) / 100, VLOOKUP(C37, Referensi!$C$5:$E$11, 3, TRUE))) | E37: =IF(C37="", "", IF(VLOOKUP(C37, Referensi!$C$5:$F$11, 4, TRUE) > 1, VLOOKUP(C37, Referensi!$C$5:$F$11, 4, TRUE) / 100, VLOOKUP(C37, Referensi!$C$5:$F$11, 4, TRUE))) | G37: =IF(C37="","",G36-F37) | H37: =IF(C37="","", C37*G37) | I37: =IF(C37=0,"",AVERAGE(D37:E37)*H37) | J37: =I37*$J$6 -> 0 | K37: =I37*$J$5 -> 0 | M37: =L37*37% -> 0 | N37: =IF(J37=0,"", (K37+M37)/J37)
B38: 26 | D38: =IF(C38="", "", IF(VLOOKUP(C38, Referensi!$C$5:$E$11, 3, TRUE) > 1, VLOOKUP(C38, Referensi!$C$5:$E$11, 3, TRUE) / 100, VLOOKUP(C38, Referensi!$C$5:$E$11, 3, TRUE))) | E38: =IF(C38="", "", IF(VLOOKUP(C38, Referensi!$C$5:$F$11, 4, TRUE) > 1, VLOOKUP(C38, Referensi!$C$5:$F$11, 4, TRUE) / 100, VLOOKUP(C38, Referensi!$C$5:$F$11, 4, TRUE))) | G38: =IF(C38="","",G37-F38) | H38: =IF(C38="","", C38*G38) | I38: =IF(C38=0,"",AVERAGE(D38:E38)*H38) | J38: =I38*$J$6 -> 0 | K38: =I38*$J$5 -> 0 | M38: =L38*37% -> 0 | N38: =IF(J38=0,"", (K38+M38)/J38)
B39: 27 | D39: =IF(C39="", "", IF(VLOOKUP(C39, Referensi!$C$5:$E$11, 3, TRUE) > 1, VLOOKUP(C39, Referensi!$C$5:$E$11, 3, TRUE) / 100, VLOOKUP(C39, Referensi!$C$5:$E$11, 3, TRUE))) | E39: =IF(C39="", "", IF(VLOOKUP(C39, Referensi!$C$5:$F$11, 4, TRUE) > 1, VLOOKUP(C39, Referensi!$C$5:$F$11, 4, TRUE) / 100, VLOOKUP(C39, Referensi!$C$5:$F$11, 4, TRUE))) | G39: =IF(C39="","",G38-F39) | H39: =IF(C39="","", C39*G39) | I39: =IF(C39=0,"",AVERAGE(D39:E39)*H39) | J39: =I39*$J$6 -> 0 | K39: =I39*$J$5 -> 0 | M39: =L39*37% -> 0 | N39: =IF(J39=0,"", (K39+M39)/J39)
B40: 28 | D40: =IF(C40="", "", IF(VLOOKUP(C40, Referensi!$C$5:$E$11, 3, TRUE) > 1, VLOOKUP(C40, Referensi!$C$5:$E$11, 3, TRUE) / 100, VLOOKUP(C40, Referensi!$C$5:$E$11, 3, TRUE))) | E40: =IF(C40="", "", IF(VLOOKUP(C40, Referensi!$C$5:$F$11, 4, TRUE) > 1, VLOOKUP(C40, Referensi!$C$5:$F$11, 4, TRUE) / 100, VLOOKUP(C40, Referensi!$C$5:$F$11, 4, TRUE))) | G40: =IF(C40="","",G39-F40) | H40: =IF(C40="","", C40*G40) | I40: =IF(C40=0,"",AVERAGE(D40:E40)*H40) | J40: =I40*$J$6 -> 0 | K40: =I40*$J$5 -> 0 | M40: =L40*37% -> 0 | N40: =IF(J40=0,"", (K40+M40)/J40)
... B164: 152 | D164: =IF(C164="", "", IF(VLOOKUP(C164, Referensi!$C$5:$E$11, 3, TRUE) > 1, VLOOKUP(C164, Referensi!$C$5:$E$11, 3, TRUE) / 100, VLOOKUP(C164, Referensi!$C$5:$E$11, 3, TRUE))) | E164: =IF(C164="", "", IF(VLOOKUP(C164, Referensi!$C$5:$F$11, 4, TRUE) > 1, VLOOKUP(C164, Referensi!$C$5:$F$11, 4, TRUE) / 100, VLOOKUP(C164, Referensi!$C$5:$F$11, 4, TRUE))) | G164: =IF(C164="","",G163-F164) | H164: =IF(C164="","", C164*G164) | I164: =IF(C164=0,"",AVERAGE(D164:E164)*H164) | J164: =I164*$J$6 -> 0 | K164: =I164*$J$5 -> 0 | M164: =L164*37% -> 0 | N164: =IF(J164=0,"", (K164+M164)/J164)

Sheet Kolam C6
B2: PENCATATAN KOLAM C6 | F2: Tanggal Tebar | I2: Asal Bibit | J2: Kang Ipey - Subang | M2: Pakan | N2: 781
B4: Jumlah Bibit | D4: 4900 | F4: Biomasa Awal | G4: =C13*D4 -> 0 | I4: Protein | J4: 0.32 | M4: Puasa | N4: 5:1
B5: Total Kematian | D5: =SUM(F13:F164) -> 0 | F5: Total Pakan | G5: =SUM(I13:I164) -> 0 | I5: Carbon | J5: 0.35
B6: Populasi Saat Ini | D6: =D4-D5 -> 4900 | F6: Total Biomasa | G6: =IFERROR(__xludf.DUMMYFUNCTION("IFERROR(CHOOSEROWS(FILTER(H13:H161, LEN(H13:H161) > 0, H13:H161 <> 0), -1), 0)"),0.0) -> 0 | I6: Nitrogen | J6: 0.05
B7: Survival Rate (SR) | D7: =D6/D4 -> 1 | F7: FCR | G7: =IFERROR(G5/(G6-G4),0) -> 0
B8: Volume Kolam (M3) | D8: 7 | F8: Feeding Rate | G8: =IF(G6=0,"",J8*G6) | I8: FR | J8: =IFERROR(__xludf.DUMMYFUNCTION("IFERROR(CHOOSEROWS(FILTER(D13:D161, LEN(D13:D161) > 0, D13:D161 <> 0), -1), 0)"),0.0) -> 0
B10: DOC | C10: Berat Rata-Rata (gr) | D10: FR (%) | F10: Kematian | G10: Populasi | H10: Biomassa (gr) | I10: Feeding Rate (gr) | J10: Pakan | L10: Molase | N10: CN Ratio | O10: Intensitas Flok | P10: PH | Q10: TDS | R10: DO | S10: Temp | T10: Actual Pakan | U10: Additional Treatment
D11: Min | E11: Max | J11: N | K11: C | L11: Berat (gr) | M11: C
A13: 46289 | B13: 1 | C13: 0 | D13: =IF(C13="", "", IF(VLOOKUP(C13, Referensi!$C$5:$E$11, 3, TRUE) > 1, VLOOKUP(C13, Referensi!$C$5:$E$11, 3, TRUE) / 100, VLOOKUP(C13, Referensi!$C$5:$E$11, 3, TRUE))) -> #N/A | E13: =IF(C13="", "", IF(VLOOKUP(C13, Referensi!$C$5:$F$11, 4, TRUE) > 1, VLOOKUP(C13, Referensi!$C$5:$F$11, 4, TRUE) / 100, VLOOKUP(C13, Referensi!$C$5:$F$11, 4, TRUE))) -> #N/A | F13: 0 | G13: =$D$4-F13 -> 4900 | H13: =C13*G13 -> 0 | I13: 0 | J13: =I13*$J$6 -> 0 | K13: =I13*$J$5 -> 0 | L13: 0 | M13: =L13*37% -> 0 | N13: =IF(J13=0,"", (K13+M13)/J13)
A14: 46290 | B14: 2 | C14: 0 | D14: =IF(C14="", "", IF(VLOOKUP(C14, Referensi!$C$5:$E$11, 3, TRUE) > 1, VLOOKUP(C14, Referensi!$C$5:$E$11, 3, TRUE) / 100, VLOOKUP(C14, Referensi!$C$5:$E$11, 3, TRUE))) -> #N/A | E14: =IF(C14="", "", IF(VLOOKUP(C14, Referensi!$C$5:$F$11, 4, TRUE) > 1, VLOOKUP(C14, Referensi!$C$5:$F$11, 4, TRUE) / 100, VLOOKUP(C14, Referensi!$C$5:$F$11, 4, TRUE))) -> #N/A | F14: 0 | G14: =IF(C14="","",G13-F14) -> 4900 | H14: =IF(C14="","", C14*G14) -> 0 | I14: 0 | J14: =I14*$J$6 -> 0 | K14: =I14*$J$5 -> 0 | M14: =L14*37% -> 0 | N14: =IF(J14=0,"", (K14+M14)/J14) | P14: 8.7 | R14: 5.9 | S14: 29.9
A15: 46291 | B15: 3 | D15: =IF(C15="", "", IF(VLOOKUP(C15, Referensi!$C$5:$E$11, 3, TRUE) > 1, VLOOKUP(C15, Referensi!$C$5:$E$11, 3, TRUE) / 100, VLOOKUP(C15, Referensi!$C$5:$E$11, 3, TRUE))) | E15: =IF(C15="", "", IF(VLOOKUP(C15, Referensi!$C$5:$F$11, 4, TRUE) > 1, VLOOKUP(C15, Referensi!$C$5:$F$11, 4, TRUE) / 100, VLOOKUP(C15, Referensi!$C$5:$F$11, 4, TRUE))) | G15: =IF(C15="","",G14-F15) | H15: =IF(C15="","", C15*G15) | I15: =IF(C15=0,"",AVERAGE(D15:E15)*H15) | J15: =I15*$J$6 -> 0 | K15: =I15*$J$5 -> 0 | M15: =L15*37% -> 0 | N15: =IF(J15=0,"", (K15+M15)/J15)
A16: 46292 | B16: 4 | D16: =IF(C16="", "", IF(VLOOKUP(C16, Referensi!$C$5:$E$11, 3, TRUE) > 1, VLOOKUP(C16, Referensi!$C$5:$E$11, 3, TRUE) / 100, VLOOKUP(C16, Referensi!$C$5:$E$11, 3, TRUE))) | E16: =IF(C16="", "", IF(VLOOKUP(C16, Referensi!$C$5:$F$11, 4, TRUE) > 1, VLOOKUP(C16, Referensi!$C$5:$F$11, 4, TRUE) / 100, VLOOKUP(C16, Referensi!$C$5:$F$11, 4, TRUE))) | G16: =IF(C16="","",G15-F16) | H16: =IF(C16="","", C16*G16) | I16: =IF(C16=0,"",AVERAGE(D16:E16)*H16) | J16: =I16*$J$6 -> 0 | K16: =I16*$J$5 -> 0 | M16: =L16*37% -> 0 | N16: =IF(J16=0,"", (K16+M16)/J16)
A17: 46293 | B17: 5 | D17: =IF(C17="", "", IF(VLOOKUP(C17, Referensi!$C$5:$E$11, 3, TRUE) > 1, VLOOKUP(C17, Referensi!$C$5:$E$11, 3, TRUE) / 100, VLOOKUP(C17, Referensi!$C$5:$E$11, 3, TRUE))) | E17: =IF(C17="", "", IF(VLOOKUP(C17, Referensi!$C$5:$F$11, 4, TRUE) > 1, VLOOKUP(C17, Referensi!$C$5:$F$11, 4, TRUE) / 100, VLOOKUP(C17, Referensi!$C$5:$F$11, 4, TRUE))) | G17: =IF(C17="","",G16-F17) | H17: =IF(C17="","", C17*G17) | I17: =IF(C17=0,"",AVERAGE(D17:E17)*H17) | J17: =I17*$J$6 -> 0 | K17: =I17*$J$5 -> 0 | M17: =L17*37% -> 0 | N17: =IF(J17=0,"", (K17+M17)/J17)
A18: 46294 | B18: 6 | D18: =IF(C18="", "", IF(VLOOKUP(C18, Referensi!$C$5:$E$11, 3, TRUE) > 1, VLOOKUP(C18, Referensi!$C$5:$E$11, 3, TRUE) / 100, VLOOKUP(C18, Referensi!$C$5:$E$11, 3, TRUE))) | E18: =IF(C18="", "", IF(VLOOKUP(C18, Referensi!$C$5:$F$11, 4, TRUE) > 1, VLOOKUP(C18, Referensi!$C$5:$F$11, 4, TRUE) / 100, VLOOKUP(C18, Referensi!$C$5:$F$11, 4, TRUE))) | G18: =IF(C18="","",G17-F18) | H18: =IF(C18="","", C18*G18) | I18: =IF(C18=0,"",AVERAGE(D18:E18)*H18) | J18: =I18*$J$6 -> 0 | K18: =I18*$J$5 -> 0 | M18: =L18*37% -> 0 | N18: =IF(J18=0,"", (K18+M18)/J18)
A19: 46295 | B19: 7 | D19: =IF(C19="", "", IF(VLOOKUP(C19, Referensi!$C$5:$E$11, 3, TRUE) > 1, VLOOKUP(C19, Referensi!$C$5:$E$11, 3, TRUE) / 100, VLOOKUP(C19, Referensi!$C$5:$E$11, 3, TRUE))) | E19: =IF(C19="", "", IF(VLOOKUP(C19, Referensi!$C$5:$F$11, 4, TRUE) > 1, VLOOKUP(C19, Referensi!$C$5:$F$11, 4, TRUE) / 100, VLOOKUP(C19, Referensi!$C$5:$F$11, 4, TRUE))) | G19: =IF(C19="","",G18-F19) | H19: =IF(C19="","", C19*G19) | I19: =IF(C19=0,"",AVERAGE(D19:E19)*H19) | J19: =I19*$J$6 -> 0 | K19: =I19*$J$5 -> 0 | M19: =L19*37% -> 0 | N19: =IF(J19=0,"", (K19+M19)/J19)
A20: 46296 | B20: 8 | D20: =IF(C20="", "", IF(VLOOKUP(C20, Referensi!$C$5:$E$11, 3, TRUE) > 1, VLOOKUP(C20, Referensi!$C$5:$E$11, 3, TRUE) / 100, VLOOKUP(C20, Referensi!$C$5:$E$11, 3, TRUE))) | E20: =IF(C20="", "", IF(VLOOKUP(C20, Referensi!$C$5:$F$11, 4, TRUE) > 1, VLOOKUP(C20, Referensi!$C$5:$F$11, 4, TRUE) / 100, VLOOKUP(C20, Referensi!$C$5:$F$11, 4, TRUE))) | G20: =IF(C20="","",G19-F20) | H20: =IF(C20="","", C20*G20) | I20: =IF(C20=0,"",AVERAGE(D20:E20)*H20) | J20: =I20*$J$6 -> 0 | K20: =I20*$J$5 -> 0 | M20: =L20*37% -> 0 | N20: =IF(J20=0,"", (K20+M20)/J20)
A21: 46297 | B21: 9 | D21: =IF(C21="", "", IF(VLOOKUP(C21, Referensi!$C$5:$E$11, 3, TRUE) > 1, VLOOKUP(C21, Referensi!$C$5:$E$11, 3, TRUE) / 100, VLOOKUP(C21, Referensi!$C$5:$E$11, 3, TRUE))) | E21: =IF(C21="", "", IF(VLOOKUP(C21, Referensi!$C$5:$F$11, 4, TRUE) > 1, VLOOKUP(C21, Referensi!$C$5:$F$11, 4, TRUE) / 100, VLOOKUP(C21, Referensi!$C$5:$F$11, 4, TRUE))) | G21: =IF(C21="","",G20-F21) | H21: =IF(C21="","", C21*G21) | I21: =IF(C21=0,"",AVERAGE(D21:E21)*H21) | J21: =I21*$J$6 -> 0 | K21: =I21*$J$5 -> 0 | M21: =L21*37% -> 0 | N21: =IF(J21=0,"", (K21+M21)/J21)
A22: 46298 | B22: 10 | D22: =IF(C22="", "", IF(VLOOKUP(C22, Referensi!$C$5:$E$11, 3, TRUE) > 1, VLOOKUP(C22, Referensi!$C$5:$E$11, 3, TRUE) / 100, VLOOKUP(C22, Referensi!$C$5:$E$11, 3, TRUE))) | E22: =IF(C22="", "", IF(VLOOKUP(C22, Referensi!$C$5:$F$11, 4, TRUE) > 1, VLOOKUP(C22, Referensi!$C$5:$F$11, 4, TRUE) / 100, VLOOKUP(C22, Referensi!$C$5:$F$11, 4, TRUE))) | G22: =IF(C22="","",G21-F22) | H22: =IF(C22="","", C22*G22) | I22: =IF(C22=0,"",AVERAGE(D22:E22)*H22) | J22: =I22*$J$6 -> 0 | K22: =I22*$J$5 -> 0 | M22: =L22*37% -> 0 | N22: =IF(J22=0,"", (K22+M22)/J22)
A23: 46299 | B23: 11 | D23: =IF(C23="", "", IF(VLOOKUP(C23, Referensi!$C$5:$E$11, 3, TRUE) > 1, VLOOKUP(C23, Referensi!$C$5:$E$11, 3, TRUE) / 100, VLOOKUP(C23, Referensi!$C$5:$E$11, 3, TRUE))) | E23: =IF(C23="", "", IF(VLOOKUP(C23, Referensi!$C$5:$F$11, 4, TRUE) > 1, VLOOKUP(C23, Referensi!$C$5:$F$11, 4, TRUE) / 100, VLOOKUP(C23, Referensi!$C$5:$F$11, 4, TRUE))) | G23: =IF(C23="","",G22-F23) | H23: =IF(C23="","", C23*G23) | I23: =IF(C23=0,"",AVERAGE(D23:E23)*H23) | J23: =I23*$J$6 -> 0 | K23: =I23*$J$5 -> 0 | M23: =L23*37% -> 0 | N23: =IF(J23=0,"", (K23+M23)/J23)
A24: 46300 | B24: 12 | D24: =IF(C24="", "", IF(VLOOKUP(C24, Referensi!$C$5:$E$11, 3, TRUE) > 1, VLOOKUP(C24, Referensi!$C$5:$E$11, 3, TRUE) / 100, VLOOKUP(C24, Referensi!$C$5:$E$11, 3, TRUE))) | E24: =IF(C24="", "", IF(VLOOKUP(C24, Referensi!$C$5:$F$11, 4, TRUE) > 1, VLOOKUP(C24, Referensi!$C$5:$F$11, 4, TRUE) / 100, VLOOKUP(C24, Referensi!$C$5:$F$11, 4, TRUE))) | G24: =IF(C24="","",G23-F24) | H24: =IF(C24="","", C24*G24) | I24: =IF(C24=0,"",AVERAGE(D24:E24)*H24) | J24: =I24*$J$6 -> 0 | K24: =I24*$J$5 -> 0 | M24: =L24*37% -> 0 | N24: =IF(J24=0,"", (K24+M24)/J24)
A25: 46301 | B25: 13 | D25: =IF(C25="", "", IF(VLOOKUP(C25, Referensi!$C$5:$E$11, 3, TRUE) > 1, VLOOKUP(C25, Referensi!$C$5:$E$11, 3, TRUE) / 100, VLOOKUP(C25, Referensi!$C$5:$E$11, 3, TRUE))) | E25: =IF(C25="", "", IF(VLOOKUP(C25, Referensi!$C$5:$F$11, 4, TRUE) > 1, VLOOKUP(C25, Referensi!$C$5:$F$11, 4, TRUE) / 100, VLOOKUP(C25, Referensi!$C$5:$F$11, 4, TRUE))) | G25: =IF(C25="","",G24-F25) | H25: =IF(C25="","", C25*G25) | I25: =IF(C25=0,"",AVERAGE(D25:E25)*H25) | J25: =I25*$J$6 -> 0 | K25: =I25*$J$5 -> 0 | M25: =L25*37% -> 0 | N25: =IF(J25=0,"", (K25+M25)/J25)
A26: 46302 | B26: 14 | D26: =IF(C26="", "", IF(VLOOKUP(C26, Referensi!$C$5:$E$11, 3, TRUE) > 1, VLOOKUP(C26, Referensi!$C$5:$E$11, 3, TRUE) / 100, VLOOKUP(C26, Referensi!$C$5:$E$11, 3, TRUE))) | E26: =IF(C26="", "", IF(VLOOKUP(C26, Referensi!$C$5:$F$11, 4, TRUE) > 1, VLOOKUP(C26, Referensi!$C$5:$F$11, 4, TRUE) / 100, VLOOKUP(C26, Referensi!$C$5:$F$11, 4, TRUE))) | G26: =IF(C26="","",G25-F26) | H26: =IF(C26="","", C26*G26) | I26: =IF(C26=0,"",AVERAGE(D26:E26)*H26) | J26: =I26*$J$6 -> 0 | K26: =I26*$J$5 -> 0 | M26: =L26*37% -> 0 | N26: =IF(J26=0,"", (K26+M26)/J26)
... A28: 46304 | B28: 16 | D28: =IF(C28="", "", IF(VLOOKUP(C28, Referensi!$C$5:$E$11, 3, TRUE) > 1, VLOOKUP(C28, Referensi!$C$5:$E$11, 3, TRUE) / 100, VLOOKUP(C28, Referensi!$C$5:$E$11, 3, TRUE))) | E28: =IF(C28="", "", IF(VLOOKUP(C28, Referensi!$C$5:$F$11, 4, TRUE) > 1, VLOOKUP(C28, Referensi!$C$5:$F$11, 4, TRUE) / 100, VLOOKUP(C28, Referensi!$C$5:$F$11, 4, TRUE))) | G28: =IF(C28="","",G27-F28) | H28: =IF(C28="","", C28*G28) | I28: =IF(C28=0,"",AVERAGE(D28:E28)*H28) | J28: =I28*$J$6 -> 0 | K28: =I28*$J$5 -> 0 | M28: =L28*37% -> 0 | N28: =IF(J28=0,"", (K28+M28)/J28)
B29: 17 | D29: =IF(C29="", "", IF(VLOOKUP(C29, Referensi!$C$5:$E$11, 3, TRUE) > 1, VLOOKUP(C29, Referensi!$C$5:$E$11, 3, TRUE) / 100, VLOOKUP(C29, Referensi!$C$5:$E$11, 3, TRUE))) | E29: =IF(C29="", "", IF(VLOOKUP(C29, Referensi!$C$5:$F$11, 4, TRUE) > 1, VLOOKUP(C29, Referensi!$C$5:$F$11, 4, TRUE) / 100, VLOOKUP(C29, Referensi!$C$5:$F$11, 4, TRUE))) | G29: =IF(C29="","",G28-F29) | H29: =IF(C29="","", C29*G29) | I29: =IF(C29=0,"",AVERAGE(D29:E29)*H29) | J29: =I29*$J$6 -> 0 | K29: =I29*$J$5 -> 0 | M29: =L29*37% -> 0 | N29: =IF(J29=0,"", (K29+M29)/J29)
B30: 18 | D30: =IF(C30="", "", IF(VLOOKUP(C30, Referensi!$C$5:$E$11, 3, TRUE) > 1, VLOOKUP(C30, Referensi!$C$5:$E$11, 3, TRUE) / 100, VLOOKUP(C30, Referensi!$C$5:$E$11, 3, TRUE))) | E30: =IF(C30="", "", IF(VLOOKUP(C30, Referensi!$C$5:$F$11, 4, TRUE) > 1, VLOOKUP(C30, Referensi!$C$5:$F$11, 4, TRUE) / 100, VLOOKUP(C30, Referensi!$C$5:$F$11, 4, TRUE))) | G30: =IF(C30="","",G29-F30) | H30: =IF(C30="","", C30*G30) | I30: =IF(C30=0,"",AVERAGE(D30:E30)*H30) | J30: =I30*$J$6 -> 0 | K30: =I30*$J$5 -> 0 | M30: =L30*37% -> 0 | N30: =IF(J30=0,"", (K30+M30)/J30)
B31: 19 | D31: =IF(C31="", "", IF(VLOOKUP(C31, Referensi!$C$5:$E$11, 3, TRUE) > 1, VLOOKUP(C31, Referensi!$C$5:$E$11, 3, TRUE) / 100, VLOOKUP(C31, Referensi!$C$5:$E$11, 3, TRUE))) | E31: =IF(C31="", "", IF(VLOOKUP(C31, Referensi!$C$5:$F$11, 4, TRUE) > 1, VLOOKUP(C31, Referensi!$C$5:$F$11, 4, TRUE) / 100, VLOOKUP(C31, Referensi!$C$5:$F$11, 4, TRUE))) | G31: =IF(C31="","",G30-F31) | H31: =IF(C31="","", C31*G31) | I31: =IF(C31=0,"",AVERAGE(D31:E31)*H31) | J31: =I31*$J$6 -> 0 | K31: =I31*$J$5 -> 0 | M31: =L31*37% -> 0 | N31: =IF(J31=0,"", (K31+M31)/J31)
B32: 20 | D32: =IF(C32="", "", IF(VLOOKUP(C32, Referensi!$C$5:$E$11, 3, TRUE) > 1, VLOOKUP(C32, Referensi!$C$5:$E$11, 3, TRUE) / 100, VLOOKUP(C32, Referensi!$C$5:$E$11, 3, TRUE))) | E32: =IF(C32="", "", IF(VLOOKUP(C32, Referensi!$C$5:$F$11, 4, TRUE) > 1, VLOOKUP(C32, Referensi!$C$5:$F$11, 4, TRUE) / 100, VLOOKUP(C32, Referensi!$C$5:$F$11, 4, TRUE))) | G32: =IF(C32="","",G31-F32) | H32: =IF(C32="","", C32*G32) | I32: =IF(C32=0,"",AVERAGE(D32:E32)*H32) | J32: =I32*$J$6 -> 0 | K32: =I32*$J$5 -> 0 | M32: =L32*37% -> 0 | N32: =IF(J32=0,"", (K32+M32)/J32)
B33: 21 | D33: =IF(C33="", "", IF(VLOOKUP(C33, Referensi!$C$5:$E$11, 3, TRUE) > 1, VLOOKUP(C33, Referensi!$C$5:$E$11, 3, TRUE) / 100, VLOOKUP(C33, Referensi!$C$5:$E$11, 3, TRUE))) | E33: =IF(C33="", "", IF(VLOOKUP(C33, Referensi!$C$5:$F$11, 4, TRUE) > 1, VLOOKUP(C33, Referensi!$C$5:$F$11, 4, TRUE) / 100, VLOOKUP(C33, Referensi!$C$5:$F$11, 4, TRUE))) | G33: =IF(C33="","",G32-F33) | H33: =IF(C33="","", C33*G33) | I33: =IF(C33=0,"",AVERAGE(D33:E33)*H33) | J33: =I33*$J$6 -> 0 | K33: =I33*$J$5 -> 0 | M33: =L33*37% -> 0 | N33: =IF(J33=0,"", (K33+M33)/J33)
B34: 22 | D34: =IF(C34="", "", IF(VLOOKUP(C34, Referensi!$C$5:$E$11, 3, TRUE) > 1, VLOOKUP(C34, Referensi!$C$5:$E$11, 3, TRUE) / 100, VLOOKUP(C34, Referensi!$C$5:$E$11, 3, TRUE))) | E34: =IF(C34="", "", IF(VLOOKUP(C34, Referensi!$C$5:$F$11, 4, TRUE) > 1, VLOOKUP(C34, Referensi!$C$5:$F$11, 4, TRUE) / 100, VLOOKUP(C34, Referensi!$C$5:$F$11, 4, TRUE))) | G34: =IF(C34="","",G33-F34) | H34: =IF(C34="","", C34*G34) | I34: =IF(C34=0,"",AVERAGE(D34:E34)*H34) | J34: =I34*$J$6 -> 0 | K34: =I34*$J$5 -> 0 | M34: =L34*37% -> 0 | N34: =IF(J34=0,"", (K34+M34)/J34)
B35: 23 | D35: =IF(C35="", "", IF(VLOOKUP(C35, Referensi!$C$5:$E$11, 3, TRUE) > 1, VLOOKUP(C35, Referensi!$C$5:$E$11, 3, TRUE) / 100, VLOOKUP(C35, Referensi!$C$5:$E$11, 3, TRUE))) | E35: =IF(C35="", "", IF(VLOOKUP(C35, Referensi!$C$5:$F$11, 4, TRUE) > 1, VLOOKUP(C35, Referensi!$C$5:$F$11, 4, TRUE) / 100, VLOOKUP(C35, Referensi!$C$5:$F$11, 4, TRUE))) | G35: =IF(C35="","",G34-F35) | H35: =IF(C35="","", C35*G35) | I35: =IF(C35=0,"",AVERAGE(D35:E35)*H35) | J35: =I35*$J$6 -> 0 | K35: =I35*$J$5 -> 0 | M35: =L35*37% -> 0 | N35: =IF(J35=0,"", (K35+M35)/J35)
B36: 24 | D36: =IF(C36="", "", IF(VLOOKUP(C36, Referensi!$C$5:$E$11, 3, TRUE) > 1, VLOOKUP(C36, Referensi!$C$5:$E$11, 3, TRUE) / 100, VLOOKUP(C36, Referensi!$C$5:$E$11, 3, TRUE))) | E36: =IF(C36="", "", IF(VLOOKUP(C36, Referensi!$C$5:$F$11, 4, TRUE) > 1, VLOOKUP(C36, Referensi!$C$5:$F$11, 4, TRUE) / 100, VLOOKUP(C36, Referensi!$C$5:$F$11, 4, TRUE))) | G36: =IF(C36="","",G35-F36) | H36: =IF(C36="","", C36*G36) | I36: =IF(C36=0,"",AVERAGE(D36:E36)*H36) | J36: =I36*$J$6 -> 0 | K36: =I36*$J$5 -> 0 | M36: =L36*37% -> 0 | N36: =IF(J36=0,"", (K36+M36)/J36)
B37: 25 | D37: =IF(C37="", "", IF(VLOOKUP(C37, Referensi!$C$5:$E$11, 3, TRUE) > 1, VLOOKUP(C37, Referensi!$C$5:$E$11, 3, TRUE) / 100, VLOOKUP(C37, Referensi!$C$5:$E$11, 3, TRUE))) | E37: =IF(C37="", "", IF(VLOOKUP(C37, Referensi!$C$5:$F$11, 4, TRUE) > 1, VLOOKUP(C37, Referensi!$C$5:$F$11, 4, TRUE) / 100, VLOOKUP(C37, Referensi!$C$5:$F$11, 4, TRUE))) | G37: =IF(C37="","",G36-F37) | H37: =IF(C37="","", C37*G37) | I37: =IF(C37=0,"",AVERAGE(D37:E37)*H37) | J37: =I37*$J$6 -> 0 | K37: =I37*$J$5 -> 0 | M37: =L37*37% -> 0 | N37: =IF(J37=0,"", (K37+M37)/J37)
B38: 26 | D38: =IF(C38="", "", IF(VLOOKUP(C38, Referensi!$C$5:$E$11, 3, TRUE) > 1, VLOOKUP(C38, Referensi!$C$5:$E$11, 3, TRUE) / 100, VLOOKUP(C38, Referensi!$C$5:$E$11, 3, TRUE))) | E38: =IF(C38="", "", IF(VLOOKUP(C38, Referensi!$C$5:$F$11, 4, TRUE) > 1, VLOOKUP(C38, Referensi!$C$5:$F$11, 4, TRUE) / 100, VLOOKUP(C38, Referensi!$C$5:$F$11, 4, TRUE))) | G38: =IF(C38="","",G37-F38) | H38: =IF(C38="","", C38*G38) | I38: =IF(C38=0,"",AVERAGE(D38:E38)*H38) | J38: =I38*$J$6 -> 0 | K38: =I38*$J$5 -> 0 | M38: =L38*37% -> 0 | N38: =IF(J38=0,"", (K38+M38)/J38)
B39: 27 | D39: =IF(C39="", "", IF(VLOOKUP(C39, Referensi!$C$5:$E$11, 3, TRUE) > 1, VLOOKUP(C39, Referensi!$C$5:$E$11, 3, TRUE) / 100, VLOOKUP(C39, Referensi!$C$5:$E$11, 3, TRUE))) | E39: =IF(C39="", "", IF(VLOOKUP(C39, Referensi!$C$5:$F$11, 4, TRUE) > 1, VLOOKUP(C39, Referensi!$C$5:$F$11, 4, TRUE) / 100, VLOOKUP(C39, Referensi!$C$5:$F$11, 4, TRUE))) | G39: =IF(C39="","",G38-F39) | H39: =IF(C39="","", C39*G39) | I39: =IF(C39=0,"",AVERAGE(D39:E39)*H39) | J39: =I39*$J$6 -> 0 | K39: =I39*$J$5 -> 0 | M39: =L39*37% -> 0 | N39: =IF(J39=0,"", (K39+M39)/J39)
B40: 28 | D40: =IF(C40="", "", IF(VLOOKUP(C40, Referensi!$C$5:$E$11, 3, TRUE) > 1, VLOOKUP(C40, Referensi!$C$5:$E$11, 3, TRUE) / 100, VLOOKUP(C40, Referensi!$C$5:$E$11, 3, TRUE))) | E40: =IF(C40="", "", IF(VLOOKUP(C40, Referensi!$C$5:$F$11, 4, TRUE) > 1, VLOOKUP(C40, Referensi!$C$5:$F$11, 4, TRUE) / 100, VLOOKUP(C40, Referensi!$C$5:$F$11, 4, TRUE))) | G40: =IF(C40="","",G39-F40) | H40: =IF(C40="","", C40*G40) | I40: =IF(C40=0,"",AVERAGE(D40:E40)*H40) | J40: =I40*$J$6 -> 0 | K40: =I40*$J$5 -> 0 | M40: =L40*37% -> 0 | N40: =IF(J40=0,"", (K40+M40)/J40)
... B164: 152 | D164: =IF(C164="", "", IF(VLOOKUP(C164, Referensi!$C$5:$E$11, 3, TRUE) > 1, VLOOKUP(C164, Referensi!$C$5:$E$11, 3, TRUE) / 100, VLOOKUP(C164, Referensi!$C$5:$E$11, 3, TRUE))) | E164: =IF(C164="", "", IF(VLOOKUP(C164, Referensi!$C$5:$F$11, 4, TRUE) > 1, VLOOKUP(C164, Referensi!$C$5:$F$11, 4, TRUE) / 100, VLOOKUP(C164, Referensi!$C$5:$F$11, 4, TRUE))) | G164: =IF(C164="","",G163-F164) | H164: =IF(C164="","", C164*G164) | I164: =IF(C164=0,"",AVERAGE(D164:E164)*H164) | J164: =I164*$J$6 -> 0 | K164: =I164*$J$5 -> 0 | M164: =L164*37% -> 0 | N164: =IF(J164=0,"", (K164+M164)/J164)

Sheet Kolam D6
B2: PENCATATAN KOLAM D6 | F2: Tanggal Tebar | I2: Asal Bibit | J2: Kang Ipey - Subang | M2: Pakan | N2: Safir
B4: Jumlah Bibit | D4: 5600 | F4: Biomasa Awal | G4: =C13*D4 -> 0 | I4: Protein | J4: 0.32 | M4: Puasa | N4: 5:1
B5: Total Kematian | D5: =SUM(F13:F164) -> 0 | F5: Total Pakan | G5: =SUM(I13:I164) -> 0 | I5: Carbon | J5: 0.17
B6: Populasi Saat Ini | D6: =D4-D5 -> 5600 | F6: Total Biomasa | G6: =IFERROR(__xludf.DUMMYFUNCTION("IFERROR(CHOOSEROWS(FILTER(H13:H161, LEN(H13:H161) > 0, H13:H161 <> 0), -1), 0)"),0.0) -> 0 | I6: Nitrogen | J6: 0.05
B7: Survival Rate (SR) | D7: =D6/D4 -> 1 | F7: FCR | G7: =IFERROR(G5/(G6-G4),0) -> 0
B8: Volume Kolam (M3) | D8: 7 | F8: Feeding Rate | G8: =IF(G6=0,"",J8*G6) | I8: FR | J8: =IFERROR(__xludf.DUMMYFUNCTION("IFERROR(CHOOSEROWS(FILTER(D13:D161, LEN(D13:D161) > 0, D13:D161 <> 0), -1), 0)"),0.0) -> 0
B10: DOC | C10: Berat Rata-Rata (gr) | D10: FR (%) | F10: Kematian | G10: Populasi | H10: Biomassa (gr) | I10: Feeding Rate (gr) | J10: Pakan | L10: Molase | N10: CN Ratio | O10: Intensitas Flok | P10: PH | Q10: TDS | R10: DO | S10: Temp | T10: Actual Pakan | U10: Additional Treatment
D11: Min | E11: Max | J11: N | K11: C | L11: Berat (gr) | M11: C
A13: =G2 | B13: 1 | C13: 0 | D13: =IF(C13="", "", IF(VLOOKUP(C13, Referensi!$C$5:$E$11, 3, TRUE) > 1, VLOOKUP(C13, Referensi!$C$5:$E$11, 3, TRUE) / 100, VLOOKUP(C13, Referensi!$C$5:$E$11, 3, TRUE))) -> #N/A | E13: =IF(C13="", "", IF(VLOOKUP(C13, Referensi!$C$5:$F$11, 4, TRUE) > 1, VLOOKUP(C13, Referensi!$C$5:$F$11, 4, TRUE) / 100, VLOOKUP(C13, Referensi!$C$5:$F$11, 4, TRUE))) -> #N/A | F13: 0 | G13: =$D$4-F13 -> 5600 | H13: =C13*G13 -> 0 | I13: 0 | J13: =I13*$J$6 -> 0 | K13: =I13*$J$5 -> 0 | L13: 0 | M13: =L13*37% -> 0 | N13: =IF(J13=0,"", (K13+M13)/J13)
B14: 2 | C14: 0 | D14: =IF(C14="", "", IF(VLOOKUP(C14, Referensi!$C$5:$E$11, 3, TRUE) > 1, VLOOKUP(C14, Referensi!$C$5:$E$11, 3, TRUE) / 100, VLOOKUP(C14, Referensi!$C$5:$E$11, 3, TRUE))) -> #N/A | E14: =IF(C14="", "", IF(VLOOKUP(C14, Referensi!$C$5:$F$11, 4, TRUE) > 1, VLOOKUP(C14, Referensi!$C$5:$F$11, 4, TRUE) / 100, VLOOKUP(C14, Referensi!$C$5:$F$11, 4, TRUE))) -> #N/A | F14: 0 | G14: =IF(C14="","",G13-F14) -> 5600 | H14: =IF(C14="","", C14*G14) -> 0 | I14: 0 | J14: =I14*$J$6 -> 0 | K14: =I14*$J$5 -> 0 | M14: =L14*37% -> 0 | N14: =IF(J14=0,"", (K14+M14)/J14) | P14: 8.6 | R14: 6.8 | S14: 30.3
B15: 3 | D15: =IF(C15="", "", IF(VLOOKUP(C15, Referensi!$C$5:$E$11, 3, TRUE) > 1, VLOOKUP(C15, Referensi!$C$5:$E$11, 3, TRUE) / 100, VLOOKUP(C15, Referensi!$C$5:$E$11, 3, TRUE))) | E15: =IF(C15="", "", IF(VLOOKUP(C15, Referensi!$C$5:$F$11, 4, TRUE) > 1, VLOOKUP(C15, Referensi!$C$5:$F$11, 4, TRUE) / 100, VLOOKUP(C15, Referensi!$C$5:$F$11, 4, TRUE))) | G15: =IF(C15="","",G14-F15) | H15: =IF(C15="","", C15*G15) | I15: =IF(C15=0,"",AVERAGE(D15:E15)*H15) | J15: =I15*$J$6 -> 0 | K15: =I15*$J$5 -> 0 | M15: =L15*37% -> 0 | N15: =IF(J15=0,"", (K15+M15)/J15)
B16: 4 | D16: =IF(C16="", "", IF(VLOOKUP(C16, Referensi!$C$5:$E$11, 3, TRUE) > 1, VLOOKUP(C16, Referensi!$C$5:$E$11, 3, TRUE) / 100, VLOOKUP(C16, Referensi!$C$5:$E$11, 3, TRUE))) | E16: =IF(C16="", "", IF(VLOOKUP(C16, Referensi!$C$5:$F$11, 4, TRUE) > 1, VLOOKUP(C16, Referensi!$C$5:$F$11, 4, TRUE) / 100, VLOOKUP(C16, Referensi!$C$5:$F$11, 4, TRUE))) | G16: =IF(C16="","",G15-F16) | H16: =IF(C16="","", C16*G16) | I16: =IF(C16=0,"",AVERAGE(D16:E16)*H16) | J16: =I16*$J$6 -> 0 | K16: =I16*$J$5 -> 0 | M16: =L16*37% -> 0 | N16: =IF(J16=0,"", (K16+M16)/J16)
B17: 5 | D17: =IF(C17="", "", IF(VLOOKUP(C17, Referensi!$C$5:$E$11, 3, TRUE) > 1, VLOOKUP(C17, Referensi!$C$5:$E$11, 3, TRUE) / 100, VLOOKUP(C17, Referensi!$C$5:$E$11, 3, TRUE))) | E17: =IF(C17="", "", IF(VLOOKUP(C17, Referensi!$C$5:$F$11, 4, TRUE) > 1, VLOOKUP(C17, Referensi!$C$5:$F$11, 4, TRUE) / 100, VLOOKUP(C17, Referensi!$C$5:$F$11, 4, TRUE))) | G17: =IF(C17="","",G16-F17) | H17: =IF(C17="","", C17*G17) | I17: =IF(C17=0,"",AVERAGE(D17:E17)*H17) | J17: =I17*$J$6 -> 0 | K17: =I17*$J$5 -> 0 | M17: =L17*37% -> 0 | N17: =IF(J17=0,"", (K17+M17)/J17)
B18: 6 | D18: =IF(C18="", "", IF(VLOOKUP(C18, Referensi!$C$5:$E$11, 3, TRUE) > 1, VLOOKUP(C18, Referensi!$C$5:$E$11, 3, TRUE) / 100, VLOOKUP(C18, Referensi!$C$5:$E$11, 3, TRUE))) | E18: =IF(C18="", "", IF(VLOOKUP(C18, Referensi!$C$5:$F$11, 4, TRUE) > 1, VLOOKUP(C18, Referensi!$C$5:$F$11, 4, TRUE) / 100, VLOOKUP(C18, Referensi!$C$5:$F$11, 4, TRUE))) | G18: =IF(C18="","",G17-F18) | H18: =IF(C18="","", C18*G18) | I18: =IF(C18=0,"",AVERAGE(D18:E18)*H18) | J18: =I18*$J$6 -> 0 | K18: =I18*$J$5 -> 0 | M18: =L18*37% -> 0 | N18: =IF(J18=0,"", (K18+M18)/J18)
B19: 7 | D19: =IF(C19="", "", IF(VLOOKUP(C19, Referensi!$C$5:$E$11, 3, TRUE) > 1, VLOOKUP(C19, Referensi!$C$5:$E$11, 3, TRUE) / 100, VLOOKUP(C19, Referensi!$C$5:$E$11, 3, TRUE))) | E19: =IF(C19="", "", IF(VLOOKUP(C19, Referensi!$C$5:$F$11, 4, TRUE) > 1, VLOOKUP(C19, Referensi!$C$5:$F$11, 4, TRUE) / 100, VLOOKUP(C19, Referensi!$C$5:$F$11, 4, TRUE))) | G19: =IF(C19="","",G18-F19) | H19: =IF(C19="","", C19*G19) | I19: =IF(C19=0,"",AVERAGE(D19:E19)*H19) | J19: =I19*$J$6 -> 0 | K19: =I19*$J$5 -> 0 | M19: =L19*37% -> 0 | N19: =IF(J19=0,"", (K19+M19)/J19)
B20: 8 | D20: =IF(C20="", "", IF(VLOOKUP(C20, Referensi!$C$5:$E$11, 3, TRUE) > 1, VLOOKUP(C20, Referensi!$C$5:$E$11, 3, TRUE) / 100, VLOOKUP(C20, Referensi!$C$5:$E$11, 3, TRUE))) | E20: =IF(C20="", "", IF(VLOOKUP(C20, Referensi!$C$5:$F$11, 4, TRUE) > 1, VLOOKUP(C20, Referensi!$C$5:$F$11, 4, TRUE) / 100, VLOOKUP(C20, Referensi!$C$5:$F$11, 4, TRUE))) | G20: =IF(C20="","",G19-F20) | H20: =IF(C20="","", C20*G20) | I20: =IF(C20=0,"",AVERAGE(D20:E20)*H20) | J20: =I20*$J$6 -> 0 | K20: =I20*$J$5 -> 0 | M20: =L20*37% -> 0 | N20: =IF(J20=0,"", (K20+M20)/J20)
B21: 9 | D21: =IF(C21="", "", IF(VLOOKUP(C21, Referensi!$C$5:$E$11, 3, TRUE) > 1, VLOOKUP(C21, Referensi!$C$5:$E$11, 3, TRUE) / 100, VLOOKUP(C21, Referensi!$C$5:$E$11, 3, TRUE))) | E21: =IF(C21="", "", IF(VLOOKUP(C21, Referensi!$C$5:$F$11, 4, TRUE) > 1, VLOOKUP(C21, Referensi!$C$5:$F$11, 4, TRUE) / 100, VLOOKUP(C21, Referensi!$C$5:$F$11, 4, TRUE))) | G21: =IF(C21="","",G20-F21) | H21: =IF(C21="","", C21*G21) | I21: =IF(C21=0,"",AVERAGE(D21:E21)*H21) | J21: =I21*$J$6 -> 0 | K21: =I21*$J$5 -> 0 | M21: =L21*37% -> 0 | N21: =IF(J21=0,"", (K21+M21)/J21)
B22: 10 | D22: =IF(C22="", "", IF(VLOOKUP(C22, Referensi!$C$5:$E$11, 3, TRUE) > 1, VLOOKUP(C22, Referensi!$C$5:$E$11, 3, TRUE) / 100, VLOOKUP(C22, Referensi!$C$5:$E$11, 3, TRUE))) | E22: =IF(C22="", "", IF(VLOOKUP(C22, Referensi!$C$5:$F$11, 4, TRUE) > 1, VLOOKUP(C22, Referensi!$C$5:$F$11, 4, TRUE) / 100, VLOOKUP(C22, Referensi!$C$5:$F$11, 4, TRUE))) | G22: =IF(C22="","",G21-F22) | H22: =IF(C22="","", C22*G22) | I22: =IF(C22=0,"",AVERAGE(D22:E22)*H22) | J22: =I22*$J$6 -> 0 | K22: =I22*$J$5 -> 0 | M22: =L22*37% -> 0 | N22: =IF(J22=0,"", (K22+M22)/J22)
B23: 11 | D23: =IF(C23="", "", IF(VLOOKUP(C23, Referensi!$C$5:$E$11, 3, TRUE) > 1, VLOOKUP(C23, Referensi!$C$5:$E$11, 3, TRUE) / 100, VLOOKUP(C23, Referensi!$C$5:$E$11, 3, TRUE))) | E23: =IF(C23="", "", IF(VLOOKUP(C23, Referensi!$C$5:$F$11, 4, TRUE) > 1, VLOOKUP(C23, Referensi!$C$5:$F$11, 4, TRUE) / 100, VLOOKUP(C23, Referensi!$C$5:$F$11, 4, TRUE))) | G23: =IF(C23="","",G22-F23) | H23: =IF(C23="","", C23*G23) | I23: =IF(C23=0,"",AVERAGE(D23:E23)*H23) | J23: =I23*$J$6 -> 0 | K23: =I23*$J$5 -> 0 | M23: =L23*37% -> 0 | N23: =IF(J23=0,"", (K23+M23)/J23)
B24: 12 | D24: =IF(C24="", "", IF(VLOOKUP(C24, Referensi!$C$5:$E$11, 3, TRUE) > 1, VLOOKUP(C24, Referensi!$C$5:$E$11, 3, TRUE) / 100, VLOOKUP(C24, Referensi!$C$5:$E$11, 3, TRUE))) | E24: =IF(C24="", "", IF(VLOOKUP(C24, Referensi!$C$5:$F$11, 4, TRUE) > 1, VLOOKUP(C24, Referensi!$C$5:$F$11, 4, TRUE) / 100, VLOOKUP(C24, Referensi!$C$5:$F$11, 4, TRUE))) | G24: =IF(C24="","",G23-F24) | H24: =IF(C24="","", C24*G24) | I24: =IF(C24=0,"",AVERAGE(D24:E24)*H24) | J24: =I24*$J$6 -> 0 | K24: =I24*$J$5 -> 0 | M24: =L24*37% -> 0 | N24: =IF(J24=0,"", (K24+M24)/J24)
B25: 13 | D25: =IF(C25="", "", IF(VLOOKUP(C25, Referensi!$C$5:$E$11, 3, TRUE) > 1, VLOOKUP(C25, Referensi!$C$5:$E$11, 3, TRUE) / 100, VLOOKUP(C25, Referensi!$C$5:$E$11, 3, TRUE))) | E25: =IF(C25="", "", IF(VLOOKUP(C25, Referensi!$C$5:$F$11, 4, TRUE) > 1, VLOOKUP(C25, Referensi!$C$5:$F$11, 4, TRUE) / 100, VLOOKUP(C25, Referensi!$C$5:$F$11, 4, TRUE))) | G25: =IF(C25="","",G24-F25) | H25: =IF(C25="","", C25*G25) | I25: =IF(C25=0,"",AVERAGE(D25:E25)*H25) | J25: =I25*$J$6 -> 0 | K25: =I25*$J$5 -> 0 | M25: =L25*37% -> 0 | N25: =IF(J25=0,"", (K25+M25)/J25)
B26: 14 | D26: =IF(C26="", "", IF(VLOOKUP(C26, Referensi!$C$5:$E$11, 3, TRUE) > 1, VLOOKUP(C26, Referensi!$C$5:$E$11, 3, TRUE) / 100, VLOOKUP(C26, Referensi!$C$5:$E$11, 3, TRUE))) | E26: =IF(C26="", "", IF(VLOOKUP(C26, Referensi!$C$5:$F$11, 4, TRUE) > 1, VLOOKUP(C26, Referensi!$C$5:$F$11, 4, TRUE) / 100, VLOOKUP(C26, Referensi!$C$5:$F$11, 4, TRUE))) | G26: =IF(C26="","",G25-F26) | H26: =IF(C26="","", C26*G26) | I26: =IF(C26=0,"",AVERAGE(D26:E26)*H26) | J26: =I26*$J$6 -> 0 | K26: =I26*$J$5 -> 0 | M26: =L26*37% -> 0 | N26: =IF(J26=0,"", (K26+M26)/J26)
... B164: 152 | D164: =IF(C164="", "", IF(VLOOKUP(C164, Referensi!$C$5:$E$11, 3, TRUE) > 1, VLOOKUP(C164, Referensi!$C$5:$E$11, 3, TRUE) / 100, VLOOKUP(C164, Referensi!$C$5:$E$11, 3, TRUE))) | E164: =IF(C164="", "", IF(VLOOKUP(C164, Referensi!$C$5:$F$11, 4, TRUE) > 1, VLOOKUP(C164, Referensi!$C$5:$F$11, 4, TRUE) / 100, VLOOKUP(C164, Referensi!$C$5:$F$11, 4, TRUE))) | G164: =IF(C164="","",G163-F164) | H164: =IF(C164="","", C164*G164) | I164: =IF(C164=0,"",AVERAGE(D164:E164)*H164) | J164: =I164*$J$6 -> 0 | K164: =I164*$J$5 -> 0 | M164: =L164*37% -> 0 | N164: =IF(J164=0,"", (K164+M164)/J164)

Sheet Sheet8
L1: Total Kematian
C2: A3 | D2: B3 | E2: C3 | F2: D3 | G2: A6 | H2: B6 | I2: C6 | J2: D6 | L2: A3 | M2: B3 | N2: C3 | O2: D3 | P2: A6 | Q2: B6 | R2: C6 | S2: D6
B3: ='Kolam A3'!A13 -> 46285 | C3: ='Kolam A3'!F13 -> 2 | G3: ='Kolam A6'!F13 -> 15 | L3: =sum(C3:C13) -> 187 | M3: =sum(D3:D13) -> 70 | N3: =sum(E3:E13) -> 205 | O3: =sum(F3:F13) -> 63 | P3: =sum(G3:G13) -> 485 | Q3: =sum(H3:H13) -> 202 | R3: =sum(I3:I13) -> 0 | S3: =sum(J3:J13) -> 0
B4: ='Kolam A3'!A14 -> 46286 | C4: ='Kolam A3'!F14 -> 1 | G4: ='Kolam A6'!F14 -> 12
B5: ='Kolam A3'!A15 -> 46287 | C5: ='Kolam A3'!F15 -> 6 | G5: ='Kolam A6'!F15 -> 28
B6: ='Kolam A3'!A16 -> 46288 | C6: ='Kolam A3'!F16 -> 9 | G6: ='Kolam A6'!F16 -> 36
B7: ='Kolam A3'!A17 -> 46289 | C7: ='Kolam A3'!F17 -> 13 | E7: ='Kolam C3'!F13 -> 24 | F7: ='Kolam D3 Heru'!F13 -> 7 | G7: ='Kolam A6'!F17 -> 30 | H7: ='Kolam B6'!F13 -> 25 | I7: ='Kolam C6'!F13 -> 0 | J7: ='Kolam D6'!F13 -> 0
B8: ='Kolam A3'!A18 -> 46290 | C8: ='Kolam A3'!F18 -> 19 | D8: ='Kolam B3'!F13 -> 0 | E8: ='Kolam C3'!F14 -> 44 | F8: ='Kolam D3 Heru'!F14 -> 16 | G8: ='Kolam A6'!F18 -> 94 | H8: ='Kolam B6'!F14 -> 36 | I8: ='Kolam C6'!F14 -> 0 | J8: ='Kolam D6'!F14 -> 0
B9: ='Kolam A3'!A19 -> 46291 | C9: ='Kolam A3'!F19 -> 41 | D9: ='Kolam B3'!F14 -> 11 | E9: ='Kolam C3'!F15 -> 38 | F9: ='Kolam D3 Heru'!F15 -> 17 | G9: ='Kolam A6'!F19 -> 48 | H9: ='Kolam B6'!F15 -> 39 | I9: ='Kolam C6'!F15 | J9: ='Kolam D6'!F15
B10: ='Kolam A3'!A20 -> 46292 | C10: ='Kolam A3'!F20 -> 26 | D10: ='Kolam B3'!F15 -> 3 | E10: ='Kolam C3'!F16 -> 34 | F10: ='Kolam D3 Heru'!F16 -> 0 | G10: ='Kolam A6'!F20 -> 73 | H10: ='Kolam B6'!F16 -> 33 | I10: ='Kolam C6'!F16 | J10: ='Kolam D6'!F16
B11: ='Kolam A3'!A21 -> 46293 | C11: ='Kolam A3'!F21 -> 30 | D11: ='Kolam B3'!F16 -> 12 | E11: ='Kolam C3'!F17 -> 45 | F11: ='Kolam D3 Heru'!F17 -> 9 | G11: ='Kolam A6'!F21 -> 33 | H11: ='Kolam B6'!F17 -> 27 | I11: ='Kolam C6'!F17 | J11: ='Kolam D6'!F17
B12: ='Kolam A3'!A22 -> 46294 | C12: ='Kolam A3'!F22 -> 20 | D12: ='Kolam B3'!F17 -> 22 | E12: ='Kolam C3'!F18 -> 5 | F12: ='Kolam D3 Heru'!F18 -> 3 | G12: ='Kolam A6'!F22 -> 63 | H12: ='Kolam B6'!F18 -> 9 | I12: ='Kolam C6'!F18 | J12: ='Kolam D6'!F18
B13: ='Kolam A3'!A23 -> 46295 | C13: ='Kolam A3'!F23 -> 20 | D13: ='Kolam B3'!F18 -> 22 | E13: ='Kolam C3'!F19 -> 15 | F13: ='Kolam D3 Heru'!F19 -> 11 | G13: ='Kolam A6'!F23 -> 53 | H13: ='Kolam B6'!F19 -> 33 | I13: ='Kolam C6'!F19 | J13: ='Kolam D6'!F19
